id_en	text_clean	manual_location	manual_type	manual_alternative	pun_word	pun_type	first_meaning	second_meaning	pun_word_fr	first_meaning_fr	second_meaning_fr	pun_word_bt	first_meaning_bt	second_meaning_bt
1	I want to be cremated as it is my last hope for a smoking hot body.				smoking	homographic	['burning', 'fuming', 'smoldering', 'emitting smoke']	['attractive', 'sexy', 'alluring', 'stunning']	fumant	['brûlant', 'fumant', 'couvant', 'émettant de la fumée']	['attrayant', 'sexy', 'séduisant', 'éblouissant']	smoking	['burning', 'smoking', 'smoldering', 'emitting smoke']	['attractive', 'sexy', 'seductive', 'stunning']
2	To the guy who invented zero, thanks for nothing.				nothing	homographic	['zero', 'null', 'nought', 'nil']	['no gratitude', 'uselessness', 'worthlessness', 'no effort']	rien	['zéro', 'nul', 'néant', 'aucun']	['pas de gratitude', 'inutilité', 'insignifiance', 'aucun effort']	nothing	['zero', 'null', 'nothingness', 'none']	['no gratitude', 'uselessness', 'insignificance', 'no effort']
3	"""(The windbag... speechless. This has got to be a first.)"""				windbag	homographic	['chatterbox', 'gasbag', 'blowhard', 'talkative person']	['sac of air', 'bellows', 'inflated container']	moulin à paroles	['bavard', 'moulin à vent', 'vantard', 'personne volubile']	"[""sac d'air"", 'soufflet', 'récipient gonflé']"	chatterbox	['talkative', 'windmill', 'braggart', 'voluble person']	['windbag', 'bellows', 'inflated container']
4	"""A good [deed] is never lost. Character is [property], it is the noblest of possession."""				deed	homographic	['action', 'act', 'exploit', 'feat', 'achievement']	['legal document', 'contract', 'title', 'instrument', 'conveyance']	acte	['action', 'acte', 'exploit', 'prouesse', 'réussite']	['document juridique', 'contrat', 'titre', 'instrument', 'acte de cession']	act	['action', 'act', 'exploit', 'prowess', 'achievement']	['legal document', 'contract', 'title', 'instrument', 'deed of transfer']
5	"""Am I so round with you as you with me, That like a football you do spurn me thus? You spurn me hence, and he will spurn me hither. If I last in this service, you must case me in leather."""				round	homographic	['plain-spoken', 'direct', 'blunt', 'straightforward']	['spherical', 'circular', 'curved', 'globular']	rond	['franc', 'direct', 'brusque', 'droit']	['sphérique', 'circulaire', 'courbé', 'globulaire']	round	['frank', 'direct', 'abrupt', 'straight']	['spherical', 'circular', 'curved', 'globular']
6	"""Are you drinking again?"" ""No, it's just tea."" ""What kind of tea?"" ""Tea-quila."""				Tea-quila	homophonic	['Tea', 'brew', 'infusion', 'herbal drink']	['Tequila', 'alcohol', 'agave spirit', 'liquor']	Thé-quila	['Thé', 'infusion', 'tisane', 'boisson à base de plantes']	"['Tequila', 'alcool', ""spiritueux d'agave"", 'liqueur']"	Tea-quila	['Tea', 'infusion', 'herbal tea', 'plant-based drink']	['Tequila', 'alcohol', 'agave spirit', 'liquor']
7	"""Before she had this fit"" You never had fits, my dear, I think? Then the words don't fit you."				fit	homographic	['convulsion', 'seizure', 'outburst', 'paroxysm']	['suit', 'match', 'apply', 'be appropriate']	accès	['convulsion', 'crise', 'emportement', 'paroxysme']	['convenir', 'correspondre', 'appliquer', 'être approprié']	access	['convulsion', 'seizure', 'outburst', 'paroxysm']	['suit', 'correspond', 'apply', 'be appropriate']
8	"""Dad, I'm hungry."" Hello, Hungry. I'm Dad."				Hungry	homographic	['famished', 'starving', 'peckish', 'ravenous']	['personal name', 'proper noun', 'identity', 'appellation']	Faim	['affamé', 'affamée', 'avoir la dalle', 'avoir plus que faim']	['nom personnel', 'nom propre', 'identité', 'appellation']	Hunger	['hungry', 'starving', 'famished', 'ravenous']	['personal name', 'proper name', 'identity', 'appellation']
9	"""Dost thou hear?"" ""Your tale, sir, would cure deafness."""				tale	homophonic	['story', 'narrative', 'account', 'fable', 'tale']	['tail', 'posterior', 'hindmost part', 'appendage']	conte/queue	['histoire', 'récit', 'compte rendu', 'fable', 'conte']	['queue', 'postérieur', 'partie arrière', 'appendice']	tale/tail	['story', 'narrative', 'account', 'fable', 'tale']	['tail', 'backside', 'rear part', 'appendage']
10	"""I think it be thine, indeed; for thou liest in't"" ""You lie out on't, sir, and therefore 'tis not yours. For my part, I do not 'lie' in't, and yet it is mine."" Thou dost 'lie' in't, to be in't and say it is thine. ""'Tis for the dead, not for the quick; therefore thou liest."" ""'Tis a 'quick' lie, sir; 'twill away again from me to you."""				lie	homographic	['recline', 'rest', 'be situated', 'occupy a space']	['deceive', 'fib', 'prevaricate', 'state a falsehood']	mentir	"[""s'allonger"", 'se reposer', 'être situé', 'occuper un espace']"	['tromper', 'faire un bobard', 'prévariquer', 'énoncer une fausseté']	lie	['to lie down', 'to rest', 'to be situated', 'to occupy a space']	['to deceive', 'to tell a fib', 'to prevaricate', 'to state a falsehood']
11	"""I'll call you later."" Don't call me later, call me Dad."				call	homographic	['telephone', 'dial', 'contact', 'phone']	['name', 'address', 'refer to as', 'designate']	appel	['téléphone', 'composer', 'contacter', 'téléphoner']	"['nommer', ""s'adresser à"", 'appeler', 'désigner']"	call	['telephone', 'dial', 'contact', 'phone']	['name', 'address', 'call', 'designate']
12	"""If the skin were parchment and the blows you gave were ink, Your own handwriting would tell you what I think."""				ink	homographic	['writing fluid', 'pigment', 'dye']	['bruising', 'discoloration', 'marks from blows']	encre	"[""fluide d'écriture"", 'pigment', 'colorant']"	['ecchymoses', 'décoloration', 'marques de coups']	ink	['writing fluid', 'pigment', 'dye']	['bruises', 'discoloration', 'blow marks']
13	"""Let me get this straight, old bag! Er, Ms. Oldbag!"""				Oldbag	homographic	['insult', 'hag', 'shrew', 'term of abuse', 'crone']	['Wendy Oldbag', 'proper name', 'surname', 'character name']	Vieille peau	['insulte', 'mégère', 'shrew', 'terme abusif', 'vieille sorcière']	['Wendy Oldbag', 'nom propre', 'nom de famille', 'nom de personnage']	Old bag	['insult', 'shrew', 'shrew', 'abusive term', 'old witch']	['Wendy Oldbag', 'proper noun', 'surname', 'character name']
14	"""My lord, you must tell us where the body is and go with us to the king."" ""The body is with the king, but the king is not with the body. The king is a thing..."" ""A thing, my lord?"" ""Of nothing."""				nothing	homographic	['insignificant', 'trifle', 'no thing', 'void']	['nonsense', 'folly', 'vulgarity', 'worthless']	rien	['insignifiant', 'bagatelle', 'aucune chose', 'vide']	['absurdité', 'folie', 'vulgarité', 'sans valeur']	nothing	['insignificant', 'trifle', 'no thing', 'empty']	['absurdity', 'folly', 'vulgarity', 'worthless']
15	"""Now Hamlet, where's Polonius?"" ""At supper."" ""At supper? Where?"" ""Not where he eats, but where he is eaten"""				supper	homographic	['dinner', 'feast', 'meal', 'evening repast']	['carrion', 'consumption by worms', 'feeding', 'decomposition']	souper	['dîner', 'festin', 'repas', 'repas du soir']	['charogne', 'consommation par les vers', 'alimentation', 'décomposition']	supper	['dinner', 'feast', 'meal', 'evening meal']	['carrion', 'consumption by worms', 'feeding', 'decomposition']
16	"""Orfeo ed Euridice"" is one hell of a show"				hell	homographic	['underworld', 'Hades', 'inferno', 'netherworld']	['remarkable', 'intense', 'impressive', 'extraordinary']	enfer	['monde souterrain', 'Hadès', 'fournaise', 'bas-fonds']	['remarquable', 'intense', 'impressionnant', 'extraordinaire']	hell	['underworld', 'Hades', 'furnace', 'lower depths']	['remarkable', 'intense', 'impressive', 'extraordinary']
17	"""So what do you do?"" ""Nothing fancy, just been able to put the food on the table."" ""Okay, but what's your profession?"" ""Waiter."""				food on the table	homographic	['earning a living', 'providing for family', 'financial support', 'livelihood']	['serving meals', 'delivering orders', 'table service', 'waitstaff duties']	nourriture sur la table	['gagner sa vie', 'subvenir aux besoins de la famille', 'soutien financier', 'moyens de subsistance']	['servir les repas', 'livrer les commandes', 'service à table', 'devoirs de serveur']	food on the table	['earning a living', 'providing for the family', 'financial support', 'livelihood']	['serving meals', 'delivering orders', 'table service', 'server duties']
18	"""That's seven-""teen."" See? I'm a teen!"""				teen	homographic	['adolescent', 'youth', 'juvenile']	['suffix for numbers 13-19', 'numeric component']	ado	['adolescent', 'jeunesse', 'juvénile']	['suffixe pour les nombres 13-19', 'composant numérique']	teen	['adolescent', 'youth', 'juvenile']	['suffix for numbers 13-19', 'numeric component']
19	"""Wait! I'm a talking tree!"" ""And you will dialogue."""				dialogue	homophonic	['conversation', 'discussion', 'talk']	['die a log', 'perish as a piece of wood', 'cease to live as a fallen tree']	dialogue	['conversation', 'discussion', 'entretien']	['meure une bûche', 'périr en tant que morceau de bois', 'cesser de vivre comme un arbre tombé']	dialogue	['conversation', 'discussion', 'interview']	['die a log', 'perish as a piece of wood', 'cease to live like a fallen tree']
20	"""What are your plans for today?"" ""Me and a friend of mine are going to buy some glasses."" ""And after that?"" ""And after that we'll see."""				see	homographic	['discern', 'view', 'observe', 'perceive']	['decide', 'determine', 'ascertain', 'find out']	voir	['discerner', 'visionner', 'observer', 'percevoir']	['décider', 'déterminer', 'constater', 'découvrir']	see	['discern', 'view', 'observe', 'perceive']	['decide', 'determine', 'note', 'discover']
21	"""What's the difference between a piano, a tuna and glue? You can tune a piano but you can't piano a tuna."" ""What about the glue?"" ""Everyone gets stuck on that"""				stuck	homographic	['adhered', 'glued', 'bonded', 'fastened']	['perplexed', 'confused', 'baffled', 'stymied']	collé	['adhéré', 'glué', 'lié', 'fixé']	['perplexe', 'confus', 'dérouté', 'bloqué']	stuck	['adhered', 'glued', 'linked', 'fixed']	['perplexed', 'confused', 'puzzled', 'blocked']
22	"""Where is the thousand marks thou hadst of me?"" ""I have some marks of yours upon my pate, Some of my mistress' marks upon my shoulders, But not a thousand marks between you both. If I should pay your Worship those again, Perchance you will not bear them patiently."""				marks	homographic	['coins', 'currency', 'money', 'tender']	['bruises', 'scars', 'welts', 'physical impressions']	marques	['pièces de monnaie', 'devise', 'argent', 'moyen de paiement']	['bleus', 'cicatrices', 'marques de coups', 'impressions physiques']	marks	['coins', 'currency', 'money', 'means of payment']	['bruises', 'scars', 'blow marks', 'physical impressions']
23	"""Yes she did. She saw me and flew the nest like the guilty bird she is."""				flew	homophonic	['soared', 'took flight', 'winged', 'flew']	['flu', 'influenza', 'sickness', 'virus']	volé	"[""s'est élevé"", 'a pris son envol', 'ailé', 'a volé']"	['grippe', 'influenza', 'maladie', 'virus']	stolen	['flew', 'took flight', 'winged', 'soared']	['flu', 'influenza', 'sickness', 'virus']
24	""""" he said blankly."				blankly	homographic	['expressionlessly', 'vacantly', 'stolidly']	['empty', 'void', 'without content', 'speaking a blank space']	sans expression	['inexpressivement', 'vaguement', 'froidement']	['vide', 'néant', 'sans contenu', 'énonçant un espace vide']	without expression	['inexpressively', 'vaguely', 'coldly']	['empty', 'nothingness', 'without content', 'stating an empty space']
25	"""3.14159265,"" he said piously."				piously	homophonic	['reverently', 'devoutly', 'religiously', 'sanctimoniously']	['pie-ously', 'mathematically', 'related to pi', 'circularly']	pieusement	['révérencieusement', 'dévotement', 'religieusement', 'pudiquement']	['pie-usement', 'mathématiquement', 'lié au chiffre pi', 'circulairement']	piously	['reverently', 'devoutly', 'religiously', 'modestly']	['pi-ously', 'mathematically', 'related to the number pi', 'circularly']
26	"""A dog bit me,"" he said rabidly."				rabidly	homographic	['furiously', 'violently', 'intensely', 'fanatically']	['infected with rabies', 'hydrophobically', 'diseasedly']	rabrilement	['furieusement', 'violemment', 'intensément', 'fanatiquement']	['enragé', 'hydrophobiquement', 'malade']	rabrilement	['furiously', 'violently', 'intensely', 'fanatically']	['enraged', 'hydrophobically', 'sick']
27	"""Angel dust? Me? Never touch it!"" he snorted."				snorted	homographic	['scoffed', 'gasped', 'uttered with a snort', 'laughed derisively']	['inhaled', 'sniffed', 'ingested a powdered drug', 'blew']	reniflé	['raillé', 'haleté', 'prononcé avec un ébrouement', 'ri avec dérision']	['inhalé', 'senti', 'ingéré une drogue en poudre', 'soufflé']	snorted	['mocked', 'panted', 'pronounced with a snort', 'laughed with derision']	['inhaled', 'smelled', 'ingested a powdered drug', 'blown']
28	"""Are you homosexual?"" he queried gaily."				gaily	homographic	['cheerfully', 'joyfully', 'brightly', 'merrily']	['homosexually', 'queerly', 'in a gay manner']	gaiement	['joyeusement', 'allègrement', 'avec entrain', 'gaîment']	['homosexuellement', 'de manière homosexuelle', 'comme un homosexuel']	cheerfully/gaily	['joyfully', 'cheerfully', 'with spirit', 'happily']	['homosexually', 'in a gay manner', 'as a homosexual']
29	"""Be still my hart"" she murmured, thinking how magnificent and stag-like he was."				hart	homophonic	['heart', 'soul', 'core', 'emotions', 'center']	['hart', 'stag', 'deer', 'buck', 'male cervid']	cerf	['cœur', 'âme', 'noyau', 'émotions', 'centre']	['cerf', 'mâle', 'chevreuil', 'daim', 'cervidé mâle']	deer	['heart', 'soul', 'core', 'emotions', 'center']	['deer', 'male', 'roe deer', 'fallow deer', 'male cervid']
30	"""Boy, I wish the elevator were working,"" he said, staring up to the top."				up	homographic	['upward', 'above', 'overhead']	['operational', 'functioning', 'active']	haut	"['vers le haut', 'au-dessus', ""en l'air""]"	['opérationnel', 'fonctionnement', 'actif']	up	['upward', 'above', 'in the air']	['operational', 'functioning', 'active']
31	"""Boy, that's a bright star,"" he said seriously."				seriously	homophonic	['earnestly', 'sincerely', 'solemnly']	['Siriusly', 'dog star', 'astronomically', 'Sirius']	sérieusement	['sérieusement', 'sincèrement', 'solennellement']	"['Siriusement', ""l'étoile du chien"", 'astronomiquement', 'Sirius']"	seriously	['seriously', 'sincerely', 'solemnly']	['Siriusly', 'the dog star', 'astronomically', 'Sirius']
32	"""Congratulations; you graduated,"" he said diplomatically."				diplomatically	homographic	['tactfully', 'politely', 'discreetly', 'sensitively']	['having a diploma', 'graduated', 'certified']	diplomatiquement	['avec tact', 'poliment', 'discrètement', 'avec sensibilité']	"['diplômé', ""titulaire d'un diplôme"", 'certifié']"	diplomatically	['tactfully', 'politely', 'discreetly', 'sensitively']	['graduated', 'diploma holder', 'certified']
33	"""Consult an investment broker,"" was his stock answer."				stock	homographic	['standard', 'routine', 'conventional', 'cliché', 'habitual']	['equities', 'capital', 'shares', 'securities', 'investment']	stock	['standard', 'de routine', 'conventionnel', 'cliché', 'habituel']	['actions', 'capital', 'parts', 'titres', 'investissement']	stock	['standard', 'routine', 'conventional', 'cliché', 'habitual']	['shares', 'capital', 'stakes', 'securities', 'investment']
34	"""Cosign here,"" read the first instruction on the trigonometry placement exam."				Cosign	homophonic	['signature', 'endorse', 'countersign', 'authorize']	['cosine', 'trigonometric function', 'adjacent over hypotenuse', 'cos']	Cosinus	['signature', 'approuver', 'contresigner', 'autoriser']	['cosinus', 'fonction trigonométrique', 'adjacent sur hypoténuse', 'cos']	Cosine	['signature', 'approve', 'countersign', 'authorize']	['cosine', 'trigonometric function', 'adjacent over hypotenuse', 'cos']
35	"""Don't add too much water,"" he said with great concentration."				concentration	homographic	['focus', 'attention', 'application', 'intensiveness']	['strength', 'density', 'potency', 'purity']	concentration	['focalisation', 'attention', 'application', 'intensité']	['force', 'densité', 'puissance', 'pureté']	concentration	['focus', 'attention', 'application', 'intensity']	['strength', 'density', 'power', 'purity']
36	"""Don't you know my name?"" he asked swiftly."				swiftly	homographic	['quickly', 'rapidly', 'fast']	"['Tom Swift', ""the character's name"", 'authorial pun']"	rapidement	['vite', 'rapidement', 'promptement']	"['Tom Swift', 'le nom du personnage', ""jeu de mots de l'auteur""]"	quickly	['fast', 'quickly', 'promptly']	"['Tom Swift', ""the character's name"", ""author's pun""]"
37	"""Eating uranium makes me feel funny,"" he said radiantly."				radiantly	homographic	['brightly', 'happily', 'glowingly', 'joyfully']	['radioactively', 'emitting radiation', 'fluorescently']	radieusement	['brillamment', 'joyeusement', 'avec éclat', 'avec bonheur']	['radioactivement', 'émettant des radiations', 'de manière fluorescente']	radiantly	['brilliantly', 'joyfully', 'brightly', 'happily']	['radioactively', 'emitting radiation', 'fluorescently']
38	"""Europe needs more self-restraint,"" he said continently."				continently	homographic	['self-restrained', 'temperate', 'moderate', 'abstemious']	['regionally', 'geographically', 'relating to a continent']	continemment	['sobre', 'tempéré', 'modéré', 'abstinent']	['régionalement', 'géographiquement', 'par rapport à un continent']	continently	['sober', 'temperate', 'moderate', 'abstinent']	['regionally', 'geographically', 'relative to a continent']
39	"""For what we are about to receive, may the Lord make us truly thankful,"" he said gracefully."				gracefully	homographic	['elegantly', 'beautifully', 'smoothly']	['prayerfully', 'devoutly', 'sayinggrace', 'piously']	avec grâce	['élégamment', 'magnifiquement', 'avec fluidité']	['pieusement', 'dévotement', 'en disant le bénédicité', 'religieusement']	with grace	['elegantly', 'magnificently', 'fluidly']	['piously', 'devoutly', 'saying grace', 'religiously']
40	"""Has my magazine arrived?"" he asked periodically."				periodically	homographic	['regularly', 'frequently', 'repeatedly', 'from time to time']	['relating to a periodical', 'magazine-related', 'published intervally']	périodiquement	['régulièrement', 'fréquemment', 'répétitivement', 'de temps en temps']	['relatif à un périodique', 'lié aux magazines', 'publié par intervalles']	periodically	['regularly', 'frequently', 'repetitively', 'from time to time']	['related to a periodical', 'linked to magazines', 'published at intervals']
41	"""Have you seen my collection of ancient Chinese artifacts?"" he asked charmingly."				charmingly	homophonic	['delightfully', 'pleasantly', 'charismatic', 'appealingly']	['Ming-ly', 'Ming dynasty', 'ceramic', 'porcelain']	charmant	['délicieusement', 'agréablement', 'charismatique', 'de façon attrayante']	['à la Ming', 'dynastie Ming', 'céramique', 'porcelaine']	charming	['delightfully', 'pleasantly', 'charismatic', 'attractively']	['Ming-like', 'Ming dynasty', 'ceramic', 'porcelain']
42	"""How do you start a model-T Ford without a battery?"" he asked crankily."				crankily	homographic	['irritable', 'grumpy', 'grouchy', 'bad-tempered']	['referencing a hand crank', 'mechanical winding', 'manual starting', 'rotating a handle']	maussadement	['irritable', 'grincheux', 'maussade', 'de mauvaise humeur']	['faisant référence à une manivelle', 'remontage mécanique', 'démarrage manuel', 'tourner une poignée']	crankily	['irritable', 'grumpy', 'gloomy', 'bad-tempered']	['referring to a crank', 'mechanical winding', 'manual start-up', 'turning a handle']
43	"""How long will I have to wait for a table?"" he asked without reservation."				reservation	homographic	['booking', 'appointment', 'scheduled arrangement']	['hesitation', 'doubt', 'reluctance', 'uncertainty']	réservation	['réservation', 'rendez-vous', 'arrangement prévu']	['hésitation', 'doute', 'réticence', 'incertitude']	reservation	['reservation', 'appointment', 'planned arrangement']	['hesitation', 'doubt', 'reluctance', 'uncertainty']
44	"""I bought myself fifty hamburgers and I've only ten left,"" he said with fortitude."				fortitude	homophonic	['courage', 'bravery', 'endurance', 'resilience']	['forty chewed', 'forty eaten', 'masticated', 'consumed']	fortitude	['courage', 'bravoure', 'endurance', 'résilience']	['quarante mâchés', 'quarante mangés', 'mastication', 'consommé']	fortitude	['courage', 'bravery', 'endurance', 'resilience']	['forty chewed', 'forty eaten', 'chewing', 'consumed']
45	"""I can eat one hundred and forty-four,"" he boasted grossly."				grossly	homographic	['excessively', 'disgustingly', 'coarsely', 'vulgarly']	['by the gross', 'twelve dozen', 'one hundred and forty-four fold']	grossièrement	['excessivement', 'dégoûtamment', 'grossièrement', 'vulgairement']	['à la grosse', 'douze douzaines', 'cent quarante-quatre fois']	grossly	['excessively', 'disgustingly', 'rudely', 'vulgarly']	['by the gross', 'twelve dozen', 'one hundred forty-four times']
46	"""I can see through the window,"" he said stiltedly."				stiltedly	homographic	['stiffly', 'formally', 'unnaturally', 'awkwardly']	['on stilts', 'elevated', 'propped up', 'tall']	guindé	['de manière rigide', 'formellement', 'antinaturellement', 'maladroitement']	['sur des échasses', 'élevé', 'soutenu', 'grand']	stiff	['rigidly', 'formally', 'unnaturally', 'awkwardly']	['on stilts', 'elevated', 'supported', 'tall']
47	"""I can take photographs if I want to!"" he snapped."				snapped	homographic	['photographed', 'captured', 'shot']	['retorted', 'barked', 'exclaimed angrily']	craqué	['photographié', 'capturé', 'cliché']	"['répliqué', 'aboyé', ""s'estexclamé avec colère""]"	cracked	['photographed', 'captured', 'snapshot']	['snapped', 'barked', 'exclaimed angrily']
48	"""I chop down trees for a living,"" he said lumberingly."				lumberingly	homographic	['awkwardly', 'clumsily', 'heavily', 'ungainly']	['woodcutting', 'loggingly', 'timber-related']	lourdement	['maladroitement', 'gauchement', 'pesamment', 'sans grace']	['bucheronnage', 'exploitation forestiere', 'lie au bois']	heavily	['clumsily', 'awkwardly', 'ponderously', 'gracelessly']	['logging', 'forestry', 'related to wood']
49	"""I compliment the company that makes the Macintosh computer,"" he said applauding."				applauding	homophonic	['clapping', 'cheering', 'praising']	['a-pudding', 'dessert', 'sweet']	applaudissement	['frapper des mains', 'clamer', 'louer']	['un pudding', 'dessert', 'sucré']	applause	['clapping hands', 'acclaim', 'praise']	['a pudding', 'dessert', 'sweet']
50	"""I couldn't believe there were 527, 986 bees in the swarm!"" he recounted."				recounted	homographic	['narrated', 'told', 'related', 'described']	['totaled', 'calculated', 'tabulated', 'enumerated']	raconté	['narré', 'dit', 'relaté', 'décrit']	['recompté', 'calculé', 'tabulé', 'énuméré']	retold	['narrated', 'told', 'related', 'described']	['recounted', 'calculated', 'tabulated', 'enumerated']
51	"""I didn't look at all!"" he peeped."				peeped	homographic	['looked', 'glanced', 'peeked', 'glimpsed']	['chirped', 'tweeted', 'squeaked', 'uttered']	piqué	"['regardé', ""jeté un coup d'oeil"", 'épié', 'aperçu']"	['pépié', 'gazouillé', 'pousser un cri', 'émis un son']	stung	['watched', 'glanced at', 'spied on', 'spotted']	['chirped', 'warbled', 'uttered a cry', 'emitted a sound']
52	"""I have a gift for you,"" he said presently."				presently	homographic	['soon', 'shortly', 'before long', 'anon']	['gift-like', 'in the manner of a present', 'pertaining to a gift']	actuellement	"['bientôt', 'sous peu', 'prochainement', ""tout à l'heure""]"	"['en guise de cadeau', ""à la manière d'un présent"", 'relatif à un don']"	currently	['soon', 'shortly', 'presently', 'in a moment']	['as a gift', 'in the manner of a present', 'relating to a donation']
53	"""I have been reading Voltaire,"" he admitted candidly."				candidly	homographic	['honestly', 'frankly', 'sincerely', 'openly']	"['referencing Candide', ""alluding to Voltaire's main character"", 'stylishly like Candide']"	candidement	['honnêtement', 'franchement', 'sincèrement', 'ouvertement']	['faisant référence à Candide', 'allusion au personnage principal de Voltaire', 'dans le style de Candide']	candidly	['honestly', 'frankly', 'sincerely', 'openly']	"['referring to Candide', ""allusion to Voltaire's main character"", 'in the style of Candide']"
54	"""I have to check the score on this exam again,"" he remarked."				remarked	homographic	['commented', 'stated', 'noted', 'observed', 'said']	['re-graded', 'marked again', 're-evaluated', 'corrected again', 're-scored']	remarqué	['commenté', 'déclaré', 'noté', 'observé', 'dit']	['re-noté', 'marqué à nouveau', 'réévalué', 'corrigé à nouveau', 're-noté']	noticed/re-marked	['commented', 'stated', 'noted', 'observed', 'said']	['re-graded', 'marked again', 're-evaluated', 'corrected again', 're-noted']
55	"""I have to fix the car,"" he said mechanically."				mechanically	homographic	['automatically', 'reflexively', 'habitually', 'without thinking']	['by a mechanic', 'regarding machinery', 'technically', 'manually']	mécaniquement	['automatiquement', 'par réflexe', 'habituellement', 'sans réfléchir']	['par un mécanicien', 'concernant la machinerie', 'techniquement', 'manuellement']	mechanically	['automatically', 'by reflex', 'habitually', 'without thinking']	['by a mechanic', 'concerning machinery', 'technically', 'manually']
56	"""I have to keep this fire alight,"" he bellowed."				bellowed	homographic	['shouted', 'yelled', 'hollered', 'roared']	['used a bellows', 'fanned a fire', 'puffed air', 'blown']	mugir	['crié', 'hurlé', 'braillé', 'rugi']	"['utilisé un soufflet', 'attisé un feu', ""soufflé de l'air"", 'soufflé']"	bellow	['shouted', 'yelled', 'bawled', 'roared']	['used a bellows', 'fanned a fire', 'blew air', 'puffed']
57	"""I haven't had my photographs developed yet,"" he said negatively."				negatively	homographic	['pessimistically', 'unfavorable', 'skeptically']	['photographic negative', 'inverted colors', 'film-based']	négativement	['pessimiste', 'défavorable', 'sceptique']	['négatif photographique', 'couleurs inversées', 'argentique']	negatively	['pessimistic', 'unfavorable', 'skeptical']	['photographic negative', 'inverted colors', 'silver halide']
58	"""I know what herb would taste nice with this,"" he said sagely."				sagely	homographic	['wisely', 'judiciously', 'with great wisdom', 'perceptively']	['resembling sage', 'clove-like flavor', 'tasting of herbs', 'salvia-related']	sagement	['judicieusement', 'avec beaucoup de sagesse', 'de façon perspicace', 'prudemment']	"['ressemblant à de la sauge', 'goût de clou de girofle', ""goût d'herbes"", 'lié à la sauge']"	wisely	['judiciously', 'with great wisdom', 'insightfully', 'prudently']	['resembling sage', 'clove-like taste', 'herbal taste', 'related to sage']
59	"""I like modern painting,"" he said abstractly."				abstractly	homographic	['distractedly', 'preoccupiedly', 'absent-mindedly']	['non-representationally', 'conceptually', 'theoretically']	abstraitement	"['distraitement', 'avec préoccupation', ""d'un air absent""]"	['de façon non figurative', 'conceptuellement', 'théoriquement']	abstractly	['distractedly', 'with preoccupation', 'absent-mindedly']	['non-figuratively', 'conceptually', 'theoretically']
60	"""I like ragged margins,"" he said without justification."				justification	homographic	['rationalization', 'defense', 'reason', 'validity']	['alignment', 'adjustment', 'typesetting', 'margin-setting']	justification	['rationalisation', 'défense', 'raison', 'validité']	['alignement', 'ajustement', 'mise en page', 'réglage des marges']	justification	['rationalization', 'defense', 'reason', 'validity']	['alignment', 'adjustment', 'layout', 'margin adjustment']
61	"""I make the armour out of chain links,"" he replied by mail."				mail	homophonic	['post', 'correspondence', 'delivery']	['chainmail', 'mesh', 'hauberk', 'male']	maille	['courrier', 'correspondance', 'livraison']	['cotte de mailles', 'filet', 'haubert', 'mâle']	mesh	['mail', 'correspondence', 'delivery']	['chainmail', 'net', 'hauberk', 'male']
62	"""I prefer trout to salmon,"" he said officiously."				officiously	homophonic	['meddlesomely', 'intrusively', 'dictatorially', 'bossily']	['o-fish-ally', 'officially', 'formally', 'form-of-fish']	officieusement	['mêlant', 'intrusivement', 'dictatorialement', 'autoritairement']	['o-poisson-ment', 'officiellement', 'formellement', 'forme-de-poisson']	unofficially	['meddling', 'intrusively', 'dictatorially', 'authoritatively']	['o-fish-ly', 'officially', 'formally', 'fish-shaped']
63	"""I presented my case to the judge,"" he said briefly."				briefly	homographic	['succinctly', 'quickly', 'shortly', 'concisely']	['legal document', 'summary of facts', 'argument', 'case file']	brièvement	['succinctement', 'rapidement', 'brièvement', 'concisément']	['document juridique', 'résumé des faits', 'argumentaire', 'dossier']	briefly	['succinctly', 'quickly', 'briefly', 'concisely']	['legal document', 'summary of facts', 'legal argument', 'case file']
64	"""I swallowed some of the glass from that broken window,"" he said painfully."				painfully	homophonic	['agonizingly', 'uncomfortably', 'with physical suffering']	['panefully', 'windowpanes', 'full of glass sections']	douloureusement	['péniblement', 'inconfortablement', 'avec une souffrance physique']	['carreaument', 'vitres de fenêtre', 'plein de sections de verre']	painfully	['painfully', 'uncomfortably', 'with physical suffering']	['pane-fully', 'window panes', 'full of glass sections']
65	"""I teach at a university,"" he professed."				professed	homographic	['declared', 'announced', 'stated', 'asserted']	['acted as a professor', 'taught', 'lectured', 'instructed']	professé	['déclaré', 'annoncé', 'affirmé', 'soutenu']	['exercé comme professeur', 'enseigné', 'donné des cours', 'instruit']	professed	['declared', 'announced', 'affirmed', 'maintained']	['practiced as a professor', 'taught', 'given lectures', 'instructed']
66	"""I think I've broken my leg,"" he reported lamely."				lamely	homographic	['unconvincingly', 'feebly', 'weakly', 'uninspiringly']	['with a limp', 'haltingly', 'crippledly', 'disabledly']	piètrement	['de manière peu convaincante', 'faiblement', 'médiocrement', 'sans inspiration']	"['en boitant', ""d'un pas hésitant"", 'clopin-clopan', 'avec infirmité']"	poorly	['unconvincingly', 'weakly', 'mediocrely', 'uninspiredly']	['limping', 'with a hesitant step', 'hobbling', 'with infirmity']
67	"""I told you not to ride that horse,"" he nagged."				nagged	homographic	['badgered', 'pestered', 'harassed', 'annoyed']	['horse', 'equine', 'mare', 'pony']	harcelé	['talonné', 'importuné', 'harcelé', 'agacé']	['cheval', 'équidé', 'jument', 'poney']	harassed	['stalked', 'pestered', 'harassed', 'annoyed']	['horse', 'equid', 'mare', 'pony']
68	"""I was the first to climb Mount Everest,"" he said hilariously."				hilariously	homophonic	['humorously', 'comically', 'amusingly']	['Hillary-ously', 'in the manner of Edmund Hillary', 'Hillary']	hilarant	['humoristiquement', 'comiquement', 'de manière amusante']	"['Hillary-reusement', ""à la manière d'Edmund Hillary"", 'Hillary']"	hilarious	['humorously', 'comically', 'in an amusing way']	['Hillary-ously', 'distinguished by Edmund Hillary', 'Hillary']
69	"""I wish I could remember the name of that card game,"" he said wistfully."				wistfully	homophonic	['longingly', 'yearningly', 'pensively', 'sadly', 'regretfully']	['whistfully', 'whist-fully', 'playing whist', 'related to the card game whist']	mélancoliquement	['avec nostalgie', 'avec désir', 'pensivement', 'tristement', 'avec regret']	['en jouant au whist', 'relatif au jeu de cartes whist', 'plein de whist']	melancholically	['with nostalgia', 'wistfully', 'pensively', 'sadly', 'regretfully']	['while playing whist', 'relating to the card game whist', 'full of whist']
70	"""I won't finish in fifth place,"" he held forth."				forth	homophonic	['fourth', 'after third', 'numerical position']	['forward', 'outward', 'into view']	en avant	['quatrième', 'après le troisième', 'position numérique']	"[""vers l'avant"", ""vers l'extérieur"", 'en vue']"	forward	['fourth', 'after the third', 'numerical position']	['towards the front', 'outward', 'in view']
71	"""I won't tell you anything about my salivary glands,"" he said secretively."				secretively	homographic	['covertly', 'stealthily', 'discreetly', 'privately']	['secreting', 'discharging', 'releasing', 'exuding']	en secret	['clandestinement', 'furtivement', 'discrètement', 'privément']	['sécrétant', 'déchargeant', 'libérant', 'exsudant']	in secret	['clandestinely', 'furtively', 'discreetly', 'privately']	['secreting', 'discharging', 'releasing', 'exuding']
72	"""I'm burning aromatic substances,"" he said, incensed."				incensed	homographic	['fuming', 'burning incense', 'perfuming']	['enraged', 'furious', 'angry', 'infuriated']	encensé	"['fumant', ""brûlant de l'encens"", 'parfumant']"	['enragé', 'furieux', 'fâché', 'exaspéré']	incensed	['smoking', 'burning incense', 'perfuming']	['enraged', 'furious', 'angry', 'exasperated']
73	"""I'm halfway up a mountain,"" he alleged."				alleged	homophonic	['claimed', 'asserted', 'contended', 'declared']	['a ledge', 'cliff edge', 'shelf', 'ridge']	allégué	['prétendu', 'affirmé', 'soutenu', 'déclaré']	['un rebord', 'bord de falaise', 'étagère', 'crête']	alleged	['pretended', 'claimed', 'maintained', 'declared']	['a ledge', 'cliff edge', 'shelf', 'ridge']
74	"""I'm just an ordinary soldier,"" he admitted privately."				privately	homographic	['confidentially', 'secretly', 'personally', 'in confidence']	['as a private', 'in the rank of a private', 'soldierly']	privément	['confidentiellement', 'secrètement', 'personnellement', 'en confidence']	['en tant que simple soldat', 'au rang de soldat de deuxième classe', 'militairement']	privately	['confidentially', 'secretly', 'personally', 'in confidence']	['as a private', 'at the rank of private', 'militarily']
75	"""I'm just going to put these handcuffs on you,"" he said manically."				manically	homophonic	['insanely', 'frenziedly', 'wildly', 'madly']	['manacle-y', 'shackled', 'handcuffed', 'restrained']	frénétiquement	['follement', 'frénétiquement', 'sauvagement', 'démentiellement']	['enchaîné', 'menotté', 'entravé', 'restreint']	frenetically	['madly', 'frenetically', 'wildly', 'insanely']	['chained', 'handcuffed', 'shackled', 'restrained']
76	"""I'm mentioned in this book,"" he said contentedly."				contentedly	homographic	['happily', 'satisfied', 'pleased']	['relating to content', 'table of contents', 'subject matter']	contentement	['joyeusement', 'satisfait', 'ravi']	['relatif au contenu', 'table des matières', 'sujet']	contentment	['joyfully', 'satisfied', 'delighted']	['related to content', 'table of contents', 'subject']
77	"""I'm the butcher's assistant,"" he said cuttingly."				cuttingly	homographic	['slicing', 'carving', 'chopping', 'butchering']	['sarcastically', 'sharply', 'bitingly', 'caustically', 'harshly']	tranchant	['découper', 'sculpter', 'hacher', 'boucher']	['sarcastiquement', 'vivement', 'mordant', 'caustiquement', 'sévèrement']	sharp	['cutting', 'carving', 'chopping', 'butcher']	['sarcastically', 'sharply', 'biting', 'caustically', 'severely']
78	"""I'm waiting to see the doctor,"" he said patiently."				patiently	homographic	['calmly', 'with endurance', 'uncomplainingly', 'stoically']	['as a medical patient', 'sick person', 'clinical subject']	patiemment	['calmement', 'avec endurance', 'sans se plaindre', 'stoïquement']	['en tant que patient médical', 'personne malade', 'sujet clinique']	patiently	['calmly', 'with endurance', 'without complaining', 'stoically']	['as a medical patient', 'sick person', 'clinical subject']
79	"""I've an urgent appointment,"" he said in Russian."				Russian	homophonic	['Slavic', 'Cyrillic-speaker', 'from Russia']	['rushing', 'hurrying', 'hastening', 'quick']	Russe	['Slave', 'locuteur du cyrillique', 'originaire de Russie']	['se précipiter', 'se dépêcher', 'se hâter', 'rapide']	Rush	['Slav', 'Cyrillic speaker', 'native of Russia']	['to rush', 'to hurry', 'to hasten', 'quick']
80	"""I've been listening to the Brandenburg Concertos,"" he barked."				barked	homographic	['shouted', 'yelled', 'bellowed', 'snapped']	['noise made by a dog', 'canine sound', 'vocalized like a Rottweiler']	aboyé	['crié', 'hurlé', 'braillé', 'rabroué']	['bruit fait par un chien', 'son canin', 'vocalisé comme un Rottweiler']	barked	['shouted', 'yelled', 'bawled', 'snubbed']	['noise made by a dog', 'canine sound', 'vocalized like a Rottweiler']
81	"""I've been to a film festival in Southern France,"" he said cannily."				cannily	homophonic	['shrewdly', 'cleverly', 'cunningly', 'astutely']	['Cannes', 'France', 'film festival location', 'Cannes-ly']	astucieusement	['finement', 'intelligemment', 'rusé', 'astucieusement']	['Cannes', 'France', 'lieu du festival du film', 'à la cannoise']	cleverly	['finely', 'intelligently', 'cunning', 'cleverly']	['Cannes', 'France', 'place of the film festival', 'in the Cannes style']
82	"""I've gained thirty pounds,"" he said heavily."				heavily	homographic	['with great weight', 'massively', 'ponderously']	['sadly', 'sorrowfully', 'with a heavy heart']	lourdement	['avec un grand poids', 'massivement', 'pesamment']	['tristement', 'douloureusement', 'le cœur lourd']	heavily	['with great weight', 'massively', 'ponderously']	['sadly', 'painfully', 'with a heavy heart']
83	"""I've joined the navy,"" he said fleetingly."				fleetingly	homographic	['briefly', 'momentarily', 'transiently', 'quickly']	['pertaining to a fleet', 'nautically', 'relating to ships', 'naval']	fugitivement	['brièvement', 'momentanément', 'passagèrement', 'rapidement']	['relatif à une flotte', 'nautiquement', 'concernant les navires', 'naval']	fleetingly	['briefly', 'momentarily', 'transiently', 'rapidly']	['relating to a fleet', 'nautically', 'concerning ships', 'naval']
84	"""I've mailed the letter,"" he assented."				assented	homophonic	['agreed', 'concurred', 'acquiesced', 'accepted']	['a-sent-it', 'pertaining to sending mail', 'dispatched', 'posted']	acquiescé	"['convenu', ""d'accord"", 'accepté', 'approuvé']"	"['a-sent-it', ""relatif à l'envoi de courrier"", 'expédié', 'posté']"	acquiesced	['agreed', 'okay', 'accepted', 'approved']	['has-sent-it', 'related to sending mail', 'shipped', 'posted']
85	"""I've stuck a pin through my nose,"" he said punctually."				punctually	homographic	['on time', 'promptly', 'at the appointed time']	['as if making a puncture', 'piercingly', 'related to a puncture wound']	ponctuellement	"[""à l'heure"", 'rapidement', 'au moment convenu']"	"[""comme lors d'une ponction"", 'de façon perçante', 'lié à une plaie par piqûre']"	punctually	['on time', 'quickly', 'at the agreed time']	['as during a puncture', 'piercingly', 'related to a puncture wound']
86	"""If I let go of the ceiling it will collapse,"" he upheld."				upheld	homographic	['maintained', 'asserted', 'declared', 'claimed']	['supported', 'propped', 'held up', 'bolstered']	maintenu	['maintenu', 'affirmé', 'déclaré', 'prétendu']	['soutenu', 'étayé', 'supporté', 'renforcé']	maintained	['maintained', 'asserted', 'declared', 'claimed']	['supported', 'braced', 'upheld', 'reinforced']
87	"""It's a unit of electric current,"" he said amply."				amply	homographic	['generously', 'liberally', 'fully', 'extensively']	['in an ampere-related manner', 'electrically', 'regarding current', 'unit-based']	amplement	['généreusement', 'libéralement', 'pleinement', 'largement']	"[""en lien avec l'ampère"", 'électriquement', 'concernant le courant', ""basé sur l'unité""]"	amply	['generously', 'liberally', 'fully', 'widely']	['related to ampere', 'electrically', 'concerning the current', 'based on the unit']
88	"""It's an actual parameter, not a formal parameter,"" was his argument."				formal	homographic	['official', 'stately', 'conventional', 'ceremonious']	['syntactic', 'placeholder', 'symbolic', 'theoretical']	formel	['officiel', 'majestueux', 'conventionnel', 'cérémonieux']	['syntaxique', 'paramètre fictif', 'symbolique', 'théorique']	formal	['official', 'majestic', 'conventional', 'ceremonious']	['syntactic', 'placeholder', 'symbolic', 'theoretical']
89	"""It's just gold leaf,"" he said guiltily."				guiltily	homophonic	['shamefully', 'remorsefully', 'conscience-stricken']	['giltily', 'covered in gold', 'gold-plated', 'ornamented']	coupablement	['honteusement', 'avec remords', 'bourrelé de remords']	"['doré', ""couvert d'or"", 'plaqué or', 'ornementé']"	guiltily	['shamefully', 'with remorse', 'filled with remorse']	['gilded', 'covered in gold', 'gold-plated', 'ornamented']
90	"""It's my personal magnetism,"" he said ironically."				magnetism	homographic	['charisma', 'allure', 'charm', 'attractiveness']	['magnetic field', 'physical attraction', 'iron property', 'electromagnetism']	magnétisme	['charisme', 'allure', 'charme', 'attrait']	['champ magnétique', 'attraction physique', 'propriété du fer', 'électromagnétisme']	magnetism	['charisma', 'allure', 'charm', 'attraction']	['magnetic field', 'physical attraction', 'property of iron', 'electromagnetism']
91	"""It's the quotient of two integers,"" he said rationally."				rationally	homographic	['sensibly', 'logically', 'reasonably', 'calmly']	['mathematically', 'expressed as a fraction', 'relating to rational numbers', 'ratio-based']	rationnellement	['sensiblement', 'logiquement', 'raisonnablement', 'calmement']	['mathématiquement', 'exprimé sous forme de fraction', 'relatif aux nombres rationnels', 'basé sur un rapport']	rationally	['sensibly', 'logically', 'reasonably', 'calmly']	['mathematically', 'expressed as a fraction', 'relating to rational numbers', 'based on a ratio']
92	"""Let's take a vacation in the south of France,"" he said nicely."				nicely	homophonic	['pleasantly', 'aimiably', 'kindly']	['Nice', 'French Riviera', 'Nicoise']	gentiment	['agréablement', 'aimablement', 'gentiment']	"['Nice', ""Côte d'Azur"", 'Niçois']"	nicely	['pleasantly', 'kindly', 'nicely']	['Nice', 'French Riviera', 'Niçois']
93	"""My pencil is blunt,"" he said pointlessly."				pointlessly	homographic	['senselessly', 'aimlessly', 'futility', 'ineffectively']	['without a sharp tip', 'unsharpened', 'bluntly', 'dullly']	inutilement	['absurdement', 'sans but', 'futilité', 'inefficacement']	['sans pointe', 'non taillé', 'émoussé', 'sans tranchant']	pointlessly	['absurdly', 'without purpose', 'futility', 'ineffectively']	['without a point', 'unsharpened', 'blunt', 'without an edge']
94	"""Now I can do some painting,"" he said easily."				easily	homophonic	['effortlessly', 'simply', 'readily']	['easel-y', 'with an easel', 'supported by a frame']	facilement	['sans effort', 'simplement', 'aisément']	['chevalet-ment', 'avec un chevalet', 'soutenu par un cadre']	easily	['effortlessly', 'simply', 'easily']	['easel-ly', 'with an easel', 'supported by a frame']
95	"""Once upon a time there was a beautiful princess,"" he began grimly."				grimly	homophonic	['sternly', 'seriously', 'severely', 'somberly']	['Grimmly', 'Grimm-like', 'related to the Brothers Grimm', 'fairy-tale style']	lugubrement	['sévèrement', 'sérieusement', 'rigoureusement', 'sombrement']	['à la manière de Grimm', 'façon Grimm', 'relatif aux frères Grimm', 'style conte de fées']	grimly	['severely', 'seriously', 'rigorously', 'darkly']	['in the manner of Grimm', 'Grimm-style', 'relative to the Brothers Grimm', 'fairy tale style']
96	"""Perhaps I will,"" he said with all his might."				might	homographic	['strength', 'power', 'force', 'vigor']	['possibility', 'could', 'may', 'potential']	puissance	['force', 'pouvoir', 'vigueur']	['possibilité', 'pourrait', 'peut-être', 'potentiel']	power	['force', 'power', 'vigor']	['possibility', 'might', 'maybe', 'potential']
97	"""Pretend we were in the days before railways,"" he coached."				coached	homographic	['instructed', 'trained', 'mentored', 'guided']	['transported', 'carried via stagecoach', 'driven in a carriage']	coaché	['instruit', 'entraîné', 'mentoré', 'guidé']	['transporté', 'porté par diligence', 'conduit en calèche']	coached	['instructed', 'trained', 'mentored', 'guided']	['transported', 'carried by stagecoach', 'driven in a horse-drawn carriage']
98	"""She even flies her own jet,"" he leered."				leered	homophonic	['gazed', 'ogled', 'stared', 'smirked']	['Learjet', 'Lear', 'jet manufacturer', 'aircraft type']	lorgné	['regardé', 'lorgné', 'fixé', 'souri de manière narquoise']	"['Learjet', 'Lear', 'fabricant de jets', ""type d'avion""]"	leered	['watched', 'eyed', 'stared', 'smirked']	['Learjet', 'Lear', 'jet manufacturer', 'type of aircraft']
99	"""The door's ajar,"" he said openly."				ajar	homographic	['slightly open', 'unlatched', 'agape']	['a jar', 'container', 'vessel', 'glass pot']	entrouvert	['légèrement ouvert', 'non verrouillé', 'béant']	['un pot', 'récipient', 'vase', 'bocal en verre']	ajar	['slightly open', 'unlocked', 'gaping']	['a jar', 'container', 'vase', 'glass jar']
100	"""The seesaw is upside down,"" he said saucily."				saucily	homophonic	['boldly', 'impudently', 'cheekily', 'audaciously']	['saw-silly', 'saw-like', 'related to a seesaw', 'foolishly']	impudemment	['hardiment', 'impudemment', 'avec effronterie', 'audacieusement']	['scie-idiote', 'ressemblant à une scie', 'lié à une balançoire', 'bêtement']	impudently	['boldly', 'impudently', 'brazenly', 'audaciously']	['silly-saw', 'saw-like', 'related to a seesaw', 'foolishly']
