id_en	text_clean	pun_word	pun_type	first_meaning	second_meaning	first_context	second_context	manual_location	manual_type	manual_alternative	pun_word_fr	first_meaning_fr	second_meaning_fr	first_context_fr	second_context_fr
en_1	Save the whales, he spouted.	spouted	homographic	['uttered', 'declaimed', 'proclaimed', 'ranted', 'vocalized']	['sprayed', 'gushed', 'squirted', 'jetted', 'ejected']	['Save', 'the', 'whales']	['whales']	spouted	homographic	spouted	jailli	['prononcé', 'déclamé', 'proclamé', 'débité', 'exprimé']	['pulvérisé', 'jailli', 'giclé', 'propulsé', 'éjecté']	['Sauvez', 'les', 'baleines']	['baleines']
en_2	If a town's people have low IQs is the population dense?	dense	homographic	['thick', 'crowded', 'compact', 'concentrated', 'packed', 'crammed']	['stupid', 'dim-witted', 'unintelligent', 'slow', 'thick-headed', 'dull']	["town's", 'population']	['low IQs']	dense	homographic	dense	dense	['épais', 'peuplé', 'compact', 'concentré', 'bondé', 'entassé']	['stupide', "simple d'esprit", 'inintelligent', 'lent', 'borné', 'obtus']	['de la ville', 'population']	['QI faibles']
en_3	A skier retired because he was going downhill.	downhill	homographic	['descending', 'downward', 'sloping', 'declivitous']	['deteriorating', 'declining', 'worsening', 'failing']	['skier']	['retired']	downhill	homographic	downhill	la descente	['descendant', 'vers le bas', 'en pente', 'déclive']	['se détériorer', 'décliner', 'empirer', 'défaillir']	['skieur']	['retraité']
en_4	My wife uses a kitchen implement to shred garlic and parmesan cheese, which I hate. It really is the grater of two evils.	grater	homophonic	['shredder', 'zester', 'rasp', 'kitchen tool', 'grater']	['greater', 'bigger', 'larger', 'more significant', 'superior']	['kitchen implement', 'shred', 'garlic', 'parmesan cheese']	['two evils']	grater	homophonic	greater	râpe	['déchiqueteur', 'zesteur', 'râpe', 'ustensile de cuisine', 'râpe']	['plus grand', 'plus gros', 'plus vaste', 'plus important', 'supérieur']	['ustensile de cuisine', 'râper', 'ail', 'parmesan']	['deux maux']
en_5	Staying at the trendy, new hotel was the inn thing to do.	inn	homophonic	['inn', 'hotel', 'lodging', 'tavern', 'hostel', 'lodge']	['in', 'fashionable', 'trendy', 'popular', 'stylish', 'chic', 'hip']	['Staying', 'hotel']	['trendy', 'new']	inn	homophonic	in	auberge	['auberge', 'hôtel', 'hébergement', 'taverne', 'auberge de jeunesse', 'gîte']	['à la mode', 'tendance', 'populaire', 'élégant', 'chic', 'branché']	['Séjourner', 'hôtel']	['tendance', 'nouveau']
en_6	While baking, I dropped a stick of margarine on the wooden tile floor, and when my neighbor slipped and fell, I said "It must have been the parkay."	parkay	homophonic	['Parkay', 'margarine', 'spread', 'oleo', 'butter substitute']	['parquet', 'wood flooring', 'hardwood', 'inlay', 'wooden tiles']	['baking', 'stick of margarine']	['wooden tile floor', 'slipped', 'fell']	parkay	homophonic	parquet	parkay	['Parkay', 'margarine', 'pâte à tartiner', 'oléo', 'substitut de beurre']	['parquet', 'plancher en bois', 'bois dur', 'marqueterie', 'dalles de bois']	['pâtisserie', 'bâton de margarine']	['sol en dalles de bois', 'a glissé', 'est tombé']
en_7	Pablo and Jose waited for a signal from Pilar to join her in the Church Tower, but neither responded to the chiming because they didn't know for whom the belle was tolling.	belle	homophonic	['belle', 'beauty', 'maiden', 'lady', 'woman']	['bell', 'chime', 'ringer', 'gong', 'knell']	['Pilar', 'her']	['Church Tower', 'chiming', 'tolling']	belle	homophonic	bell	belle	['belle', 'beauté', 'demoiselle', 'dame', 'femme']	['cloche', 'carillon', 'sonneur', 'gong', 'glas']	['Pilar', 'elle']	['clocher', 'sonnerie', 'tintement']
en_8	Someone once accused me of stealing an old, rare, valuable stamp, and I philately denied it.	philately	homophonic	['stamp-collecting', 'philatelic', 'stamp study', 'philately']	['flatly', 'categorically', 'absolutely', 'completely', 'bluntly']	['stamp', 'old', 'rare', 'valuable']	['denied']	philately	homophonic	flatly	philatélie	['collection de timbres', 'philatélique', 'étude des timbres', 'philatélie']	['catégoriquement', 'formellement', 'absolument', 'complètement', 'de façon abrupte']	['timbre', 'ancien', 'rare', 'précieux']	['nié']
en_9	The whistling fisherman was always out of tuna.	tuna	homophonic	['tuna', 'fish', 'albacore', 'seafood']	['tune', 'melody', 'pitch', 'song']	['fisherman']	['whistling']	tuna	homophonic	tune	thon	['thon', 'poisson', 'albacore', 'fruits de mer']	['air', 'mélodie', 'tonalité', 'chanson']	['pêcheur']	['sifflement']
en_10	If you wear a blindfold at the shooting range, you won't know what you're missing.	missing	homographic	['failing to hit', 'overshooting', 'undershooting', 'skipping']	['lacking', 'not experiencing', 'overlooking', 'unaware of']	['shooting range']	['blindfold', "won't know"]	missing	homographic	missing	manquer	['rater la cible', 'dépasser la cible', 'ne pas atteindre la cible', 'sauter']	['manquer de', 'ne pas éprouver', 'négliger', 'ignorer']	['stand de tir']	['yeux bandés', 'ne saura pas']
en_11	Old bakers never die, they just stop making lots of dough.	dough	homographic	['mixture', 'batter', 'paste', 'flour', 'leaven']	['money', 'cash', 'currency', 'funds', 'bread']	['bakers']	['making', 'lots of']	dough	homographic	dough	pâte	['mélange', 'pâte', 'pâte', 'farine', 'levain']	['argent', 'espèces', 'monnaie', 'fonds', 'pain']	['boulangers']	['gagner', 'beaucoup de']
en_12	The fireplaces of oriental doctors have an Asian flue.	flue	homophonic	['flue', 'chimney', 'vent', 'duct', 'pipe', 'exhaust']	['flu', 'influenza', 'grippe', 'virus', 'illness', 'sickness']	['fireplaces']	['doctors', 'Asian']	flue	homophonic	flu	conduit	['conduit', 'cheminée', 'évent', 'gaine', 'tuyau', 'échappement']	['grippe', 'influenza', 'grippe', 'virus', 'maladie', 'affection']	['cheminées']	['médecins', 'asiatique']
en_13	After he bought a mirror he became very reflective.	reflective	homographic	['mirroring', 'shiny', 'polished', 'gleaming', 'glinting']	['thoughtful', 'pensive', 'contemplative', 'meditative', 'introspective']	['mirror']	['became']	reflective	homographic	reflective	réfléchi	['reflétant', 'brillant', 'poli', 'luisant', 'scintillant']	['pensif', 'songeur', 'contemplatif', 'méditatif', 'introspectif']	['miroir']	['devenu']
en_14	This food tastes of plutonium, he said glowingly.	glowingly	homographic	['enthusiastically', 'warmly', 'admiringly', 'praisingly', 'favorably']	['radiantly', 'luminously', 'phosphorescently', 'brightly', 'brilliantly']	['said']	['plutonium']	glowingly	homographic	glowingly	chaleureusement	['avec enthousiasme', 'chaleureusement', 'avec admiration', 'avec éloges', 'favorablement']	['radieusement', 'lumineusement', 'de manière phosphorescente', 'avec éclat', 'brillamment']	['dit']	['plutonium']
en_15	Old typists never die, they just lose their touch.	touch	homographic	['keystroke', 'tactile sensation', 'contact', 'pressing', 'feel']	['skill', 'knack', 'talent', 'proficiency', 'mastery']	['typists']	['Old', 'die']	touch	homographic	touch	touche	['frappe', 'sensation tactile', 'contact', 'pression', 'toucher']	['compétence', 'doigté', 'talent', 'aptitude', 'maîtrise']	['dactylographes']	['vieux', 'mourir']
en_16	This salad dressing has too much vinegar, he said acidly.	acidly	homographic	['sourly', 'tartly', 'acidically', 'sharp-tasting']	['sharply', 'bitterly', 'caustically', 'acerbicly', 'sarcastically']	['salad dressing', 'vinegar']	['said']	acidly	homophonic	acid	acidement	['acidement', 'aigrement', 'de façon acide', 'au goût piquant']	['vivement', 'amèrement', 'caustiquement', 'avec acerbité', 'sarcastiquement']	['vinaigrette', 'vinaigre']	['dit']
en_17	The local baker was paying his staff based on a flourly rate.	flourly	homophonic	['flour', 'powdery', 'mealy', 'milled', 'grain-based']	['hourly', 'time-based', 'per-hour', 'periodic', 'chronological']	['baker']	['paying', 'staff', 'rate']	flourly	homophonic	hourly	farineux	['farine', 'poudreux', 'farineux', 'moulu', 'à base de céréales']	['horaire', 'basé sur le temps', "à l'heure", 'périodique', 'chronologique']	['boulanger']	['paiement', 'personnel', 'tarif']
en_18	Old politicians never die, they just harangue in there.	harangue	homophonic	['lecture', 'rant', 'declaim', 'sermonize', 'orate', 'address']	['hang', 'persist', 'endure', 'persevere', 'remain', 'hold on']	['politicians']	['die', 'in there']	harangue	homophonic	hang	harangue	['sermon', 'diatribe', 'déclamer', 'sermonner', 'pérore', 'allocution']	['pendre', 'persister', 'endurer', 'persévérer', 'rester', 'tenir le coup']	['politiciens']	['mourir', 'tiens bon']
en_19	Some people find fire drills quite Alarming.	Alarming	homographic	['frightening', 'scary', 'startling', 'disturbing', 'shocking']	['ringing', 'signaling', 'alerting', 'sounding', 'warning']	['people']	['fire drills']	alarming	homophonic	alarm	Alarmant	['effrayant', 'inquiétant', 'saisissant', 'perturbant', 'choquant']	['sonnant', 'signalant', 'alertant', 'retentissant', 'avertissant']	['personnes']	["exercices d'incendie"]
en_20	Old florists never die, they just make alternative arrangements.	arrangements	homographic	['bouquets', 'floral displays', 'compositions', 'centerpieces', 'wreaths']	['plans', 'preparations', 'provisions', 'settlements', 'agreements']	['florists']	['die']	arrangements	homographic	arrangements	arrangements	['bouquets', 'compositions florales', 'compositions', 'centres de table', 'couronnes']	['plans', 'préparatifs', 'dispositions', 'règlements', 'accords']	['fleuristes']	['mourir']
en_21	Get the stick, Rover! he called fetchingly.	fetchingly	homographic	['retrieving', 'collecting', 'bringing', 'recovering']	['attractively', 'charmingly', 'alluringly', 'pleasingly', 'winningly']	['Get', 'stick', 'Rover']	['called']	fetchingly	homophonic	fetch	séduisante	['rapporter', 'collecter', 'apporter', 'récupérer']	['de manière attrayante', 'charmamment', 'de façon séduisante', 'agréablement', 'de manière engageante']	['Va chercher', 'bâton', 'Rover']	['appelé']
en_22	The fire chief was always asked burning questions.	burning	homographic	['blazing', 'fiery', 'flaming', 'aflame', 'on fire']	['urgent', 'pressing', 'crucial', 'vital', 'intense']	['fire', 'chief']	['asked', 'questions']	burning	homographic	burning	brûlant	['flamboyant', 'ardent', 'en flammes', 'embrasé', 'en feu']	['urgent', 'pressant', 'crucial', 'vital', 'intense']	['feu', 'chef']	['posé', 'questions']
en_23	They hid from the gunman in a sauna where they could sweat it out.	sweat	homographic	['perspire', 'swelter', 'exude moisture', 'glow', 'transpire']	['endure', 'wait anxiously', 'worry', 'fret', 'persevere']	['sauna']	['hid', 'gunman']	sweat	homographic	sweat	transpirer	['transpirer', 'étouffer de chaleur', "exuder de l'humidité", 'luire', 'transpirer']	['endurer', 'attendre avec anxiété', "s'inquiéter", 'se tourmenter', 'persévérer']	['sauna']	['caché', 'tireur']
en_24	The astronomer made a claim about a well-known star, but it wasn't sirius.	sirius	homophonic	['Sirius', 'Dog Star', 'Alpha Canis Majoris', 'brightest star']	['serious', 'grave', 'earnest', 'solemn', 'sober']	['astronomer', 'star']	['claim']	sirius	homophonic	serious	sirius	['Sirius', "l'Étoile du Chien", 'Alpha Canis Majoris', "l'étoile la plus brillante"]	['sérieux', 'grave', 'sérieux', 'solennel', 'sobre']	['astronome', 'étoile']	['affirmation']
en_25	Pink satin was perfect for her gown, yet the debutante appeared even more charming with beaux on either side.	beaux	homophonic	['beaux', 'suitors', 'admirers', 'escorts', 'boyfriends', 'sweethearts']	['bows', 'ribbons', 'knots', 'loops', 'ties', 'decorations']	['debutante', 'charming']	['satin', 'gown']	beaux	homophonic	bow	beaux	['beaux', 'prétendants', 'admirateurs', 'cavaliers', 'petits amis', 'amoureux']	['nœuds', 'rubans', 'nœuds', 'boucles', 'attaches', 'décorations']	['débutante', 'charmant']	['satin', 'robe']
en_26	Old professors never die, they just lose their class.	class	homographic	['course', 'lecture', 'students', 'lesson', 'seminar']	['elegance', 'dignity', 'style', 'sophistication', 'rank']	['professors']	['die']	class	homographic	class	classe	['cours', 'conférence', 'étudiants', 'leçon', 'séminaire']	['élégance', 'dignité', 'style', 'sophistication', 'rang']	['professeurs']	['mourir']
en_27	Pasteur was boiling about not being invited.	boiling	homographic	['fuming', 'angry', 'seething', 'enraged', 'furious', 'irate']	['heating', 'bubbling', 'scalding', 'steaming', 'simmering']	['not', 'being', 'invited']	['Pasteur']	boiling	homographic	boiling	bouillant	['fumant', 'en colère', 'bouillonnant', 'enragé', 'furieux', 'courroucé']	['chauffant', 'bouillonnant', 'ébouillantant', 'fumant', 'frémissant']	['ne pas', 'être', 'invité']	['Pasteur']
en_28	Sometimes a pencil sharpener is needed in order to make a good point.	point	homographic	['tip', 'nib', 'sharp end', 'spike', 'tapered end']	['argument', 'idea', 'reason', 'thesis', 'gist']	['pencil sharpener']	['make', 'good']	point	homographic	point	point	['pointe', 'plume', 'bout pointu', 'pointe', 'extrémité effilée']	['argument', 'idée', 'raison', 'thèse', "l'essentiel"]	['taille-crayon']	['marquer', 'bon']
en_29	Cooks have a lot of spice in their lives.	spice	homographic	['seasoning', 'flavoring', 'condiment', 'herb', 'aromatic']	['excitement', 'variety', 'zest', 'interest', 'vitality']	['Cooks']	['lives']	spice	homographic	spice	épice	['assaisonnement', 'arôme', 'condiment', 'herbe', 'aromate']	['excitation', 'variété', 'piquant', 'intérêt', 'vitalité']	['Cuisiniers']	['vies']
en_30	Old tree surgeons never die, they are just uprooted.	uprooted	homographic	['unearthed', 'pulled out', 'grubbed up', 'extracted']	['displaced', 'relocated', 'removed', 'passed away']	['tree', 'surgeons']	['Old', 'never die']	uprooted	homographic	uprooted	déraciné	['déterré', 'arraché', 'extirpé', 'extrait']	['déplacé', 'relogé', 'enlevé', 'décédé']	['arbre', 'élagueurs']	['Vieux', 'ne meurent jamais']
en_31	The trucker explained that he was early because he had had no breaks.	breaks	homophonic	['rest', 'pause', 'intermission', 'recess', 'breather']	['brakes', 'stoppers', 'decelerators', 'curbs']	['early']	['trucker']	breaks	homophonic	brakes	pauses	['repos', 'pause', 'entracte', 'récréation', 'moment de répit']	['freins', 'arrêts', 'décélérateurs', 'limitations']	['tôt']	['routier']
en_32	Old plumbers never die, they just pipe down.	pipe	homographic	['plumb', 'tube', 'conduit', 'channel', 'piping']	['hush', 'shush', 'be quiet', 'silence', 'settle down']	['plumbers']	['die']	pipe	homographic	pipe	tuyau	['plomb', 'tube', 'conduit', 'canal', 'tuyauterie']	['chut', 'faire taire', 'se taire', 'silence', 'se calmer']	['plombiers']	['mourir']
en_33	The cat in northern Scandinavia always had a lapp to sit on.	lapp	homophonic	['Sami', 'Saami', 'Laplander']	['lap', 'thighs', 'knees', 'seat']	['northern', 'Scandinavia']	['cat', 'sit']	lapp	homophonic	lap	lapon	['Sami', 'Saami', 'Lapon']	['giron', 'cuisses', 'genoux', 'siège']	['nordique', 'Scandinavie']	['chat', "s'asseoir"]
en_34	The groundskeeper at a large cemetery was important because he had 5000 people under him.	under	homographic	['subordinate', 'reporting to', 'supervised', 'managed', 'below in rank']	['beneath', 'below', 'underneath', 'buried', 'interred']	['important', '5000 people']	['groundskeeper', 'cemetery']	under	homographic	under	sous	['subordonné', 'relevant de', 'supervisé', 'dirigé', 'inférieur en rang']	['sous', 'en dessous', 'au-dessous', 'enterré', 'inhumé']	['important', '5000 personnes']	['gardien', 'cimetière']
en_35	A little boy called his father who made balloons 'pop'.	pop	homographic	['father', 'dad', 'papa', 'daddy', 'pa']	['burst', 'explode', 'bang', 'crack', 'snap']	['father', 'boy']	['balloons']	pop	homographic	pop	pop	['père', 'papa', 'papa', 'petit papa', "p'pa"]	['éclater', 'exploser', 'pan', 'craquer', 'claquer']	['père', 'garçon']	['ballons']
en_36	Neuter your dog-an ounce of prevention is better than a pound of curs.	curs	homophonic	['curs', 'mongrels', 'mutts', 'dogs', 'hounds']	['cure', 'remedy', 'treatment', 'solution', 'antidote']	['neuter', 'dog', 'pound']	['ounce', 'prevention', 'better', 'pound']	curs	homophonic	cures	chiens hargneux	['chiens hargneux', 'bâtards', 'clébards', 'chiens', 'limiers']	['remède', 'recours', 'traitement', 'solution', 'antidote']	['stériliser', 'chien', 'fourrière']	['once', 'prévention', 'mieux', 'livre']
en_37	He recommended the restaurant to me, and said he had no reservations.	reservations	homographic	['booking', 'arrangement', 'pre-engagement', 'appointment']	['doubts', 'hesitations', 'misgivings', 'qualms', 'uncertainty']	['restaurant']	['recommended']	reservations	homographic	reservations	réservations	['réservation', 'arrangement', 'engagement préalable', 'rendez-vous']	['doutes', 'hésitations', 'appréhensions', 'scrupules', 'incertitude']	['restaurant']	['recommandé']
en_38	The mortician was late for dinner because he was buried in his work.	buried	homographic	['interred', 'entombed', 'laid to rest', 'inhumed']	['overwhelmed', 'swamped', 'inundated', 'busy', 'engrossed']	['mortician']	['late for dinner', 'work']	buried	homographic	buried	enterré	['inhumé', 'enseveli', 'mis en terre', 'mis au tombeau']	['débordé', 'submergé', 'inondé', 'occupé', 'absorbé']	['croque-mort']	['en retard pour le dîner', 'travail']
en_39	Old enumerators never die, they just lose their census	census	homophonic	['census', 'population count', 'enumeration', 'survey', 'registry', 'poll']	['senses', 'faculties', 'perception', 'wits', 'awareness', 'consciousness']	['enumerators']	['die', 'lose']	census	homophonic	senses	recensement	['recensement', 'comptage de la population', 'énumération', 'enquête', 'registre', 'sondage']	['sens', 'facultés', 'perception', 'esprit', 'conscience', 'état de conscience']	['recenseurs']	['mourir', 'perdre']
en_40	The class took a field trip to a meat processing plant, but what they saw was just offal.	offal	homophonic	['entrails', 'organ meats', 'viscera', 'trimmings', 'offal']	['terrible', 'horrible', 'appalling', 'disgusting', 'awful']	['meat', 'processing', 'plant']	['but']	offal	homophonic	awful	abats	['entrailles', 'abats', 'viscères', 'parures', 'abats']	['terrible', 'horrible', 'épouvantable', 'dégoûtant', 'affreux']	['viande', 'transformation', 'usine']	['mais']
en_41	Old pilots never die, they just get more turbulent.	turbulent	homographic	['bumpy', 'choppy', 'rough', 'unstable', 'jarring']	['unruly', 'tempestuous', 'disorderly', 'rowdy', 'volatile']	['pilots']	['Old', 'die']	turbulent	homographic	turbulent	turbulent	['cahoteux', 'agité', 'mouvementé', 'instable', 'secouant']	['indiscipliné', 'tempétueux', 'désordonné', 'chahuteur', 'instable']	['pilotes']	['Vieux', 'mourir']
en_42	Use your own toothbrush! he bristled.	bristled	homographic	['seethed', 'fumed', 'bridled', 'took offense', 'became irritated']	['stiffened', 'stood on end', 'rose', 'prickled']	['Use your own toothbrush!']	['toothbrush']	bristled	homographic	bristled	s'est hérissé	['a bouilli de rage', 'a fumé', "s'est cabré", "s'est offusqué", "s'est irrité"]	["s'est raidi", "s'est dressé", "s'est levé", 'a piqué']	['Utilise ta propre brosse à dents !']	['brosse à dents']
en_43	My wife really likes to make pottery, but to me it's just kiln time.	kiln	homophonic	['kiln', 'oven', 'furnace', 'stove', 'firebox']	['killing', 'wasting', 'passing', 'idling', 'spending']	['pottery', 'make']	['time']	kiln	homophonic	killing	four	['four', 'fourneau', 'fournaise', 'poêle', 'foyer']	['tuer', 'gaspiller', 'passer', 'traîner', 'dépenser']	['poterie', 'fabriquer']	['temps']
en_44	I won't tell you anything about my salivary glands, he said secretively.	secretively	homographic	['stealthily', 'furtively', 'covertly', 'privately', 'clandestinely']	['secretory', 'secreting', 'discharging', 'releasing', 'emitting']	["won't", 'tell', 'anything']	['salivary', 'glands']	secretively	homophonic	secrete	secrètement	['furtivement', 'à la dérobée', 'secrètement', 'en privé', 'clandestinement']	['sécrétoire', 'sécrétant', 'déchargeant', 'libérant', 'émettant']	['ne dira', 'rien', 'du tout']	['salivaires', 'glandes']
en_45	I might study something at a university that someone once told me about-there is a degree of ambiguity there.	degree	homographic	['qualification', 'diploma', 'certification', 'academic title', 'credential']	['extent', 'measure', 'level', 'amount', 'stage', 'grade']	['study', 'university']	['ambiguity']	degree	homographic	degree	degré	['qualification', 'diplôme', 'certification', 'titre académique', 'titre de compétence']	['étendue', 'mesure', 'niveau', 'quantité', 'stade', 'grade']	['études', 'université']	['ambiguïté']
en_46	People have a happy time vacationing in Ireland because they are walking on Eire.	Eire	homophonic	['Ireland', 'Republic of Ireland', 'Emerald Isle', 'Hibernia']	['air', 'atmosphere', 'elated', 'joyful', 'euphoric', 'thrilled']	['Ireland', 'vacationing']	['happy', 'walking on']	eire	homophonic	air	Eire	['Irlande', "République d'Irlande", "L'île d'Émeraude", 'Hibernie']	['air', 'atmosphère', 'exalté', 'joyeux', 'euphorique', 'ravi']	['Irlande', 'vacances']	['heureux', 'marcher sur']
en_47	Who's your favorite operatic tenor? he asked placidly.	placidly	homophonic	['calmly', 'serenely', 'tranquilly', 'peacefully', 'quietly']	['Plácido', 'Domingo', 'tenor', 'singer', 'performer']	['asked']	['operatic', 'tenor']	placidly	homophonic	placido	placidement	['calmement', 'sereinement', 'tranquillement', 'paisiblement', 'doucement']	['Plácido', 'Domingo', 'ténor', 'chanteur', 'interprète']	['demandé']	['lyrique', 'ténor']
en_48	The salt said 'hi' to the pepper. It was seasonings greetings.	seasonings	homophonic	['spices', 'flavorings', 'condiments', 'herbs', 'seasonings']	['holiday', 'festive', 'seasonal', 'time of year', "season's"]	['salt', 'pepper']	["said 'hi'", 'greetings']	seasonings	homophonic	seasons	assaisonnements	['épices', 'arômes', 'condiments', 'herbes', 'assaisonnements']	['fêtes', 'festif', 'saisonnier', "période de l'année", 'des fêtes']	['sel', 'poivre']	['a dit "salut"', 'salutations']
en_49	The book about Teflon contained no frictional characters.	frictional	homophonic	['abrasive', 'resistant', 'rubbing', 'chafing', 'frictional']	['imaginary', 'invented', 'made-up', 'fictitious', 'fictional']	['Teflon']	['book', 'characters']	frictional	homophonic	fictional	frictionnel	['abrasif', 'résistant', 'frottement', 'irritant', 'frictionnel']	['imaginaire', 'inventé', 'fictif', 'fictif', 'fictionnel']	['Téflon']	['livre', 'personnages']
en_50	Three fingers were willing to cooperate but the thumb and forefinger were opposed.	opposed	homographic	['against', 'resistant', 'conflicting', 'hostile', 'dissenting']	['facing', 'opposite', 'counterposed', 'fronting', 'across']	['willing', 'cooperate']	['fingers', 'thumb', 'forefinger']	opposed	homographic	opposed	opposé	['contre', 'résistant', 'conflictuel', 'hostile', 'dissident']	['faisant face', 'opposé', 'contreposé', 'orienté vers', 'en face']	['disposé', 'coopérer']	['doigts', 'pouce', 'index']
en_51	If you spend too much time in the coffee shop you'll be latte for work.	latte	homophonic	['latte', 'espresso', 'coffee', 'beverage', 'caffeine']	['late', 'tardy', 'overdue', 'delayed', 'behind schedule']	['coffee shop']	['spend too much time', 'work']	latte	homophonic	late	latte	['latte', 'espresso', 'café', 'boisson', 'caféine']	['en retard', 'tardif', 'en retard', 'retardé', "en retard sur l'horaire"]	['café']	['passer trop de temps', 'travail']
en_52	In ancient times, seagoing vessels were much more fuel efficient. They got thousands of miles to the galleon.	galleon	homophonic	['ship', 'vessel', 'sailing vessel', 'craft', 'galleon']	['gallon', 'unit of volume', 'liquid measure', 'measure of fuel']	['ancient times', 'seagoing vessels']	['fuel efficient', 'miles']	galleon	homophonic	gallon	galion	['navire', 'vaisseau', 'voilier', 'embarcation', 'galion']	['gallon', 'unité de volume', 'mesure de liquide', 'mesure de carburant']	['temps anciens', 'navires de haute mer']	['économe en carburant', 'milles']
en_53	Some resist having the'flu jab but it's quite innocuous.	innocuous	homophonic	['harmless', 'safe', 'benign', 'inoffensive', 'innocuous']	['inoculation', 'vaccination', 'injection', 'immunization', 'in-ocuous']	['resist']	["'flu", 'jab']	innocuous	homophonic	inoculate	inoffensif	['inoffensif', 'sûr', 'bénin', 'sans danger', 'anodin']	['inoculation', 'vaccination', 'injection', 'immunisation', 'in-oculé']	['résister']	['grippe', 'piqûre']
en_54	Pretend we were in the days before railways, he coached.	coached	homographic	['instructed', 'trained', 'mentored', 'prompted', 'guided']	['drove', 'transported', 'traveled by carriage', 'conveyed']	['Pretend']	['railways', 'days before']	coached	homophonic	coach	entraîné	['instruit', 'entraîné', 'mentoré', 'incité', 'guidé']	['conduit', 'transporté', 'voyagé en diligence', 'acheminé']	['Faire semblant']	['chemins de fer', "jours d'autrefois"]
en_55	Old principals never die they just lose their faculties.	faculties	homographic	['abilities', 'senses', 'wits', 'capabilities', 'powers', 'mental capacity']	['staff', 'teachers', 'educators', 'academic staff', 'instructors']	['Old', 'die']	['principals']	faculties	homographic	faculties	facultés	['capacités', 'sens', 'esprit', 'aptitudes', 'pouvoirs', 'capacité mentale']	['personnel', 'enseignants', 'éducateurs', 'corps professoral', 'instructeurs']	['Vieux', 'mourir']	['directeurs']
en_56	Old railroaders never die, they just derail.	derail	homographic	['go off the tracks', 'crash', 'wreck', 'leave the tracks']	['die', 'pass away', 'perish', 'expire']	['railroaders']	['die']	derail	homographic	derail	dérailler	['sortir des rails', "s'écraser", 'se fracasser', 'quitter les rails']	['mourir', 'décéder', 'périr', 'expirer']	['cheminots']	['mourir']
en_57	He bought a plate with four corners so he could have a square meal.	square	homographic	['quadrilateral', 'four-sided', 'equilateral', 'rectangular']	['substantial', 'satisfying', 'hearty', 'solid', 'balanced']	['plate', 'four corners']	['meal']	square	homographic	square	carré	['quadrilatère', 'à quatre côtés', 'équilatéral', 'rectangulaire']	['substantiel', 'rassasiant', 'copieux', 'solide', 'équilibré']	['assiette', 'quatre coins']	['repas']
en_58	Because they moved into an apartment, they didn't need to cut the grass any mow.	mow	homophonic	['cut', 'trim', 'crop', 'shear', 'mow']	['longer', 'further', 'additionally', 'again', 'more']	['cut', 'grass']	['any']	mow	homophonic	more	tondre	['couper', 'tailler', 'faucher', 'tondre', 'cisailler']	['plus long', 'plus loin', 'de plus', 'encore', 'plus']	['couper', 'herbe']	["n'importe lequel"]
en_59	Gravity, it's always putting everyone down.	down	homographic	['downward', 'below', 'lower', 'earthward', 'descending']	['belittling', 'demeaning', 'insulting', 'criticizing', 'disparaging']	['Gravity']	['everyone']	putting	homographic	putting	bas	['vers le bas', 'en dessous', 'plus bas', 'vers la terre', 'descendant']	['rabaissant', 'humiliant', 'insultant', 'critiquant', 'dénigrant']	['Gravité']	['tout le monde']
en_60	The scorpion said to the desert, 'You know, our conversations are always so dry.'	dry	homographic	['arid', 'parched', 'waterless', 'dehydrated', 'moistureless']	['boring', 'dull', 'uninteresting', 'humorless', 'monotonous']	['desert', 'scorpion']	['conversations']	dry	homographic	dry	sec	['aride', 'desséché', 'sans eau', 'déshydraté', 'sans humidité']	['ennuyeux', 'terne', 'peu intéressant', 'sans humour', 'monotone']	['désert', 'scorpion']	['conversations']
en_61	A busy barber is quite harried.	harried	homophonic	['stressed', 'harassed', 'overwhelmed', 'pressured', 'agitated', 'troubled']	['haired', 'hairy', 'hirsute', 'covered in hair', 'shaggy', 'hair-covered']	['busy']	['barber']	harried	homophonic	hairy	harcelé	['stressé', 'harcelé', 'débordé', 'sous pression', 'agité', 'tourmenté']	['poilu', 'velu', 'hirsute', 'couvert de poils', 'bourru', 'recouvert de poils']	['occupé']	['barbier']
en_62	The gunman took a shot at new opportunities.	shot	homographic	['fired', 'discharged', 'blast', 'gunfire', 'projectile']	['attempt', 'chance', 'try', 'go', 'crack', 'endeavor']	['gunman']	['opportunities']	shot	homographic	shot	tir	['tiré', 'déchargé', 'déflagration', 'tirs', 'projectile']	['tentative', 'chance', 'essai', 'tentative', 'essai', 'effort']	['tireur']	['opportunités']
en_63	The cobbler was asked how many shoes he had soled by a well	soled	homophonic	['resoled', 'repaired', 'mended', 'bottomed', 'fixed']	['sold', 'vended', 'traded', 'marketed', 'exchanged']	['cobbler', 'shoes']	['how many']	soled	homophonic	sold	ressemelé	['ressemelé', 'réparé', 'raccommodé', 'remis à neuf', 'réparé']	['vendu', 'écoulé', 'échangé', 'commercialisé', 'troqué']	['cordonnier', 'chaussures']	['combien']
en_64	Legends tell us that a weakness of the carnivorous vampire is a steak.	steak	homophonic	['steak', 'meat', 'beef', 'fillet', 'cut of meat']	['stake', 'pointed stick', 'post', 'spike', 'wooden pole']	['carnivorous']	['Legends', 'weakness', 'vampire']	steak	homophonic	stake	steak	['steak', 'viande', 'bœuf', 'filet', 'morceau de viande']	['pieu', 'bâton pointu', 'poteau', 'pointe', 'poteau en bois']	['carnivore']	['Légendes', 'faiblesse', 'vampire']
en_65	To become a pilot requires a good altitude.	altitude	homophonic	['height', 'elevation', 'vertical distance', 'altitude']	['mindset', 'disposition', 'outlook', 'attitude']	['pilot']	['become', 'good']	altitude	homophonic	attitude	altitude	['hauteur', 'élévation', 'distance verticale', 'altitude']	["état d'esprit", 'disposition', 'perspective', 'attitude']	['pilote']	['devenir', 'bon']
en_66	I teach at a university, he professed.	professed	homographic	['declared', 'asserted', 'claimed', 'stated', 'announced', 'affirmed']	['taught', 'lectured', 'instructed', 'educated', 'tutored', 'schooled']	[]	['teach', 'university']	professed	homophonic	professor	professé	['déclaré', 'affirmé', 'prétendu', 'énoncé', 'annoncé', 'confirmé']	['enseigné', 'donné des cours', 'instruit', 'éduqué', 'formé', 'scolarisé']	[]	['enseigner', 'université']
en_67	When there's a sale on tennis balls it's first come first serve.	serve	homographic	['attended to', 'assisted', 'helped', 'accommodated', 'provided for']	['delivery', 'stroke', 'hit', 'overhead', 'start of play']	['sale', 'first come']	['tennis balls']	serve	homographic	serve	service	['servi', 'assisté', 'aidé', 'accommodé', 'pourvu']	['service', 'coup', 'frappe', 'smash', 'mise en jeu']	['vente', 'premier arrivé']	['balles de tennis']
en_68	A book called 'Current Trends in Wiring your House' turned out to be a shocking failure.	shocking	homographic	['appalling', 'dreadful', 'terrible', 'outrageous', 'scandalous']	['electrifying', 'jolting', 'galvanic', 'stunning']	['failure']	['wiring', 'current']	shocking	homographic	shocking	choquant	['épouvantable', 'effroyable', 'terrible', 'scandaleux', 'outrageant']	['électrisant', 'saisissant', 'galvanique', 'sidérant']	['échec']	['câblage', 'courant']
en_69	From the middle of the Pacific, the shipwrecked survivor found his way to the California coast purely by occident.	occident	homophonic	['West', 'western lands', 'sunset lands', 'occident']	['chance', 'fluke', 'coincidence', 'fortuity', 'accident']	['Pacific', 'California coast']	['shipwrecked', 'survivor', 'found his way']	occident	homophonic	accident	occident	['Ouest', 'terres occidentales', 'terres du couchant', 'occident']	['hasard', 'coup de chance', 'coïncidence', 'fortuité', 'accident']	['Pacifique', 'côte californienne']	['naufragé', 'survivant', 'a trouvé son chemin']
en_70	When making butter there is little margarine for error.	margarine	homophonic	['margarine', 'oleo', 'spread', 'butter substitute', 'fat']	['margin', 'allowance', 'leeway', 'latitude', 'room', 'space']	['making', 'butter']	['little', 'error']	margarine	homophonic	margin	margarine	['margarine', 'oléo', 'pâte à tartiner', 'substitut de beurre', 'matière grasse']	['marge', 'marge de manœuvre', "liberté d'action", 'latitude', 'place', 'espace']	['fabrication', 'beurre']	['petite', 'erreur']
en_71	Old chemists never die, they just stop reacting.	reacting	homographic	['transforming', 'interacting', 'bonding', 'combining', 'precipitating', 'undergoing a chemical change']	['responding', 'acting', 'behaving', 'answering', 'replying', 'moving']	['chemists']	['Old', 'die']	reacting	homographic	reacting	réagir	['se transformer', 'interagir', 'se lier', 'se combiner', 'précipiter', 'subir un changement chimique']	['répondre', 'agir', 'se comporter', 'répondre', 'répliquer', 'bouger']	['chimistes']	['Vieux', 'mourir']
en_72	The model who joined the air force was a bombshell.	bombshell	homographic	['beauty', 'stunner', 'knockout', 'babe', 'siren']	['explosive', 'projectile', 'missile', 'shell', 'ammunition']	['model']	['air force']	bombshell	homographic	bombshell	bombe	['beauté', 'canon', 'beauté fatale', 'poupée', 'sirène']	['explosif', 'projectile', 'missile', 'obus', 'munition']	['mannequin']	["armée de l'air"]
en_73	Abstinence makes the heart grow fonder	Abstinence	homophonic	['self-denial', 'refraining', 'temperance', 'restraint', 'abstinence']	['nonattendance', 'awayness', 'lack', 'unavailability', 'absence']	['heart', 'grow', 'fonder']	['heart', 'grow', 'fonder']	abstinence	homophonic	absence 	Abstinence	['abnégation', 'abstention', 'tempérance', 'retenue', 'abstinence']	['non-présence', 'éloignement', 'manque', 'indisponibilité', 'absence']	['cœur', 'grandir', 'plus tendre']	['cœur', 'grandir', 'plus tendre']
en_74	It's not that the man did not know how to juggle, he just didn't have the balls to do it.	balls	homographic	['spheres', 'globes', 'orbs', 'pellets', 'projectiles']	['courage', 'bravery', 'guts', 'nerve', 'audacity', 'moxie']	['juggle']	['man', "didn't", 'have', 'to', 'do', 'it']	balls	homographic	balls	boules	['sphères', 'globes', 'orbes', 'billes', 'projectiles']	['courage', 'bravoure', 'tripes', 'culot', 'audace', 'cran']	['jongler']	["l'homme", "n'avait", 'pas', 'à', 'le', 'faire']
en_75	Two coin collectors got together for old dimes sake.	dimes	homophonic	['dimes', 'coins', 'currency', 'ten-cent pieces', 'money']	['times', 'past', 'memories', 'history', 'nostalgia']	['coin', 'collectors']	['old', 'sake']	dimes	homophonic	times	dimes	['pièces de dix cents', 'pièces de monnaie', 'monnaie', 'pièces de dix centimes', 'argent']	['temps', 'passé', 'souvenirs', 'histoire', 'nostalgie']	['pièce de monnaie', 'collectionneurs']	['vieux', 'souvenir']
en_76	It's an actual parameter, not a formal parameter, was his argument.	argument	homographic	['parameter', 'value', 'input', 'independent variable']	['dispute', 'disagreement', 'reasoning', 'claim', 'case', 'contention']	['actual', 'parameter', 'formal']	['his']	argument	homographic	argument	argument	['paramètre', 'valeur', 'entrée', 'variable indépendante']	['dispute', 'désaccord', 'raisonnement', 'affirmation', 'argumentation', 'assertion']	['effectif', 'paramètre', 'formel']	['son']
en_77	3.14159265, he said piously.	piously	homophonic	['devoutly', 'religiously', 'reverently', 'holily', 'prayerfully', 'saintly']	['pi', '3.14', 'mathematical constant', 'ratio of circumference to diameter', "Archimedes' constant"]	[]	['3.14159265']	piously	homophonic	pi	pieusement	['dévotement', 'religieusement', 'avec respect', 'saintement', 'avec ferveur', 'pieusement']	['pi', '3,14', 'constante mathématique', 'rapport de la circonférence au diamètre', "constante d'Archimède"]	[]	['3,14159265']
en_78	An astronomy column in the newspaper would have a lot of space devoted to it.	space	homographic	['room', 'area', 'expanse', 'margin', 'territory']	['outer space', 'cosmos', 'universe', 'void', 'infinity']	['newspaper', 'column']	['astronomy']	space	homographic	space	espace	['place', 'zone', 'étendue', 'marge', 'territoire']	['espace', 'cosmos', 'univers', 'vide', 'infini']	['journal', 'colonne']	['astronomie']
en_79	Old shoemakers never die, they are just given the boot.	boot	homographic	['dismissal', 'firing', 'termination', 'sacking', 'ejection']	['footwear', 'shoe', 'galosh', 'wellington', 'cleat']	['die']	['shoemakers']	boot	homographic	boot	botte	['licenciement', 'renvoi', 'rupture de contrat', 'congédiement', 'éjection']	['chaussures', 'soulier', 'galoche', 'botte en caoutchouc', 'crampon']	['mourir']	['cordonniers']
en_80	One of these new shoes isn't right.	right	homographic	['right-hand', 'dexter', 'starboard', 'dextral']	['correct', 'proper', 'accurate', 'satisfactory', 'appropriate']	['shoes']	['new']	right	homographic	right	droit	['droit', 'dextre', 'tribord', 'dextre']	['correct', 'adéquat', 'précis', 'satisfaisant', 'approprié']	['chaussures']	['nouveau']
en_81	The postmen get together for mail bonding.	mail	homophonic	['letters', 'packages', 'post', 'correspondence', 'mail']	['men', 'masculine', 'manly', 'male']	['postmen']	['get together', 'bonding']	mail	homophonic	male	courrier	['lettres', 'colis', 'poste', 'correspondance', 'courrier']	['hommes', 'masculin', 'viril', 'mâle']	['facteurs']	['rassemblement', 'création de liens']
en_82	Let's take a vacation in the south of France, he said nicely.	nicely	homographic	['pleasantly', 'agreeably', 'kindly', 'politely', 'cordially']	['Nice', 'French Riviera city', 'Nizza', 'Mediterranean port']	['vacation']	['south', 'France']	nicely	homophonic	Nice	gentiment	['agréablement', 'aimablement', 'avec bonté', 'poliment', 'cordialement']	['Nice', "ville de la Côte d'Azur", 'Nizza', 'port méditerranéen']	['vacances']	['sud', 'France']
en_83	A farmer wanting to kill a chicken for dinner has to move faster than a speeding pullet.	pullet	homophonic	['young hen', 'chicken', 'bird', 'fowl']	['bullet', 'projectile', 'slug', 'shot', 'ammunition']	['farmer', 'kill', 'chicken', 'dinner']	['faster', 'speeding']	pullet	homophonic	bullet	poulette	['jeune poule', 'poulet', 'oiseau', 'volaille']	['balle', 'projectile', 'balle en plomb', 'coup de feu', 'munitions']	['fermier', 'tuer', 'poulet', 'dîner']	['plus vite', 'excès de vitesse']
en_84	Even though Catholics in space are weightless, do they have mass?	mass	homographic	['matter', 'substance', 'bulk', 'magnitude', 'density']	['liturgy', 'service', 'Eucharist', 'rite', 'ceremony']	['space', 'weightless']	['Catholics']	mass	homographic	mass	masse	['matière', 'substance', 'volume', 'grandeur', 'densité']	['liturgie', 'office', 'Eucharistie', 'rite', 'cérémonie']	['espace', 'apesanteur']	['Catholiques']
en_85	Old telephone operators never die, they just become disconnected.	disconnected	homographic	['severed', 'cut off', 'unplugged', 'deactivated', 'unlinked']	['detached', 'separated', 'isolated', 'departed', 'dissociated']	['telephone', 'operators']	['Old', 'die']	disconnected	homographic	disconnected	déconnecté	['tranché', 'coupé', 'débranché', 'désactivé', 'délié']	['détaché', 'séparé', 'isolé', 'disparu', 'dissocié']	['téléphone', 'opérateurs']	['Vieux', 'mourir']
en_86	A guy became so good with a chainsaw that he was promoted to branch manager.	branch	homographic	['bough', 'limb', 'twig', 'offshoot', 'arm']	['division', 'department', 'office', 'subdivision', 'sector']	['chainsaw']	['promoted', 'manager']	branch	homographic	branch	branche	['branche', 'membre', 'brindille', 'rejeton', 'bras']	['division', 'département', 'bureau', 'subdivision', 'secteur']	['tronçonneuse']	['promu', 'manager']
en_87	An optometrist told his patient: 'It appears your vision is improving!' 'Really? 'replied the patient.' Must be the luck of the iris.'	iris	homophonic	['iris', 'eye part', 'colored ring', 'diaphragm']	['Irish', 'Gaelic', 'Hibernian', 'Celtic']	['optometrist', 'patient', 'vision', 'improving']	['luck']	iris	homophonic	irish	iris	['iris', "partie de l'œil", 'anneau coloré', 'diaphragme']	['irlandais', 'gaélique', 'hibernien', 'celtique']	['optométriste', 'patient', 'vision', 'amélioration']	['chance']
en_88	Old math profs never die. They just use strange expressions.	expressions	homographic	['formulas', 'equations', 'notations', 'mathematical statements', 'terms']	['phrases', 'idioms', 'sayings', 'facial looks', 'utterances']	['math', 'profs']	['die']	expressions	homographic	expressions	expressions	['formules', 'équations', 'notations', 'énoncés mathématiques', 'termes']	['phrases', 'expressions idiomatiques', 'dictons', 'expressions du visage', 'propos']	['maths', 'profs']	['mort']
en_89	Q: River Ravi flows in which state? A: Liquid.	state	homographic	['province', 'territory', 'region', 'administrative division', 'country']	['condition', 'phase', 'form', 'physical state', 'status']	['River', 'Ravi']	['Liquid']	state	homographic	state	état	['province', 'territoire', 'région', 'division administrative', 'pays']	['condition', 'phase', 'forme', 'état physique', 'statut']	['Rivière', 'Ravi']	['Liquide']
en_90	I'll never forget that rainstorm near Los Angeles and how the rain came down in Torrance.	Torrance	homophonic	['Torrance', 'city', 'municipality', 'suburb', 'urban area']	['torrents', 'downpours', 'deluges', 'cascades', 'gushes', 'bursts']	['Los Angeles']	['rainstorm', 'rain', 'came down']	torrance	homophonic	torrents	Torrance	['Torrance', 'ville', 'municipalité', 'banlieue', 'zone urbaine']	['torrents', 'averses', 'déluges', 'cascades', 'jaillissements', 'trombes']	['Los Angeles']	['tempête de pluie', 'pluie', 'est tombée']
en_91	Wow, thanks for the tea. I'm glad I got to Chai it.	Chai	homophonic	['tea', 'spiced tea', 'beverage', 'masala', 'Chai']	['try', 'attempt', 'sample', 'test', 'experience']	['tea']	['got to']	Chai	homophonic	try	Chai	['thé', 'thé épicé', 'boisson', 'masala', 'chai']	['essayer', 'tentative', 'goûter', 'tester', 'expérience']	['thé']	['devoir']
en_92	After he invented the light bulb, people saw Edison in a new light.	light	homographic	['illumination', 'brightness', 'radiance', 'glow', 'luminescence']	['perspective', 'viewpoint', 'perception', 'understanding', 'aspect']	['invented', 'bulb']	['people', 'saw', 'Edison', 'new']	light	homographic	light	lumière	['illumination', 'clarté', 'éclat', 'lueur', 'luminescence']	['perspective', 'point de vue', 'perception', 'compréhension', 'aspect']	['inventé', 'ampoule']	['gens', 'voyaient', 'Edison', 'nouveau']
en_93	A bee keeper will sell you honey with swarm wishes.	swarm	homophonic	['cluster', 'hive', 'mass', 'throng', 'cloud', 'drove']	['warm', 'cordial', 'genial', 'heartfelt', 'friendly', 'affectionate']	['bee keeper', 'honey']	['wishes']	swarm	homophonic	warm	essaim	['amas', 'ruche', 'masse', 'foule', 'nuage', 'troupeau']	['chaleureux', 'cordial', 'aimable', 'sincère', 'amical', 'affectueux']	['apiculteur', 'miel']	['vœux']
en_94	An architect knows how to make a long storey short.	storey	homophonic	['story', 'tale', 'narrative', 'account', 'anecdote', 'chronicle']	['storey', 'floor', 'level', 'tier', 'deck', 'stage']	['long', 'short']	['architect']	storey	homophonic	story	étage	['histoire', 'conte', 'récit', 'compte rendu', 'anecdote', 'chronique']	['étage', 'plancher', 'niveau', 'rangée', 'pont', 'palier']	['longue', 'courte']	['architecte']
en_95	Old electricians never die, they just can't make connections	connections	homographic	['links', 'joints', 'wiring', 'circuits', 'junctions', 'couplings']	['relationships', 'bonds', 'associations', 'ties', 'interactions', 'friendships']	['electricians']	['Old', 'die']	connections	homographic	connections	connexions	['liens', 'joints', 'câblage', 'circuits', 'jonctions', 'couplages']	['relations', 'liens', 'associations', 'attaches', 'interactions', 'amitiés']	['électriciens']	['Vieux', 'meurent']
en_96	Boy, that's a bright star, he said seriously.	seriously	homophonic	['gravely', 'solemnly', 'earnestly', 'soberly', 'sincerely']	['Sirius', 'dog star', 'stellar', 'astral', 'celestial']	['said']	['bright', 'star']	seriously	homophonic	sirius	sérieusement	['gravement', 'solennellement', 'sérieusement', 'sobrement', 'sincèrement']	['Sirius', "l'étoile du Chien", 'stellaire', 'astral', 'céleste']	['dit']	['brillant', 'étoile']
en_97	When asked to picture the perfect modern defensive weapon the Claymore springs to mine.	mine	homophonic	['mind', 'brain', 'intellect', 'thought', 'consciousness', 'psyche']	['mine', 'explosive', 'landmine', 'bomb', 'trap', 'ordnance']	['picture']	['Claymore', 'defensive', 'weapon']	mine	homophonic	mind	mine	['esprit', 'cerveau', 'intellect', 'pensée', 'conscience', 'psyché']	['mine', 'explosif', 'mine terrestre', 'bombe', 'piège', 'munitions']	['image']	['Claymore', 'défensif', 'arme']
en_98	Freud could barely repress his excitement.	repress	homographic	['restrain', 'stifle', 'smother', 'curb', 'bottle up', 'suppress']	['push down', 'submerge', 'bury', 'banish to the unconscious', 'inhibit']	['excitement']	['Freud']	repress	homophonic	suppress	réprimer	['retenir', 'étouffer', 'suffoquer', 'freiner', 'contenir', 'supprimer']	['refouler', 'submerger', 'enfouir', "refouler dans l'inconscient", 'inhiber']	['excitation']	['Freud']
en_99	Old miners never die, they just lose their veins.	veins	homographic	['blood vessels', 'capillaries', 'venules', 'vasculature', 'ducts']	['lodes', 'seams', 'deposits', 'strata', 'ore bodies']	['die']	['miners']	veins	homophonic	vains	veines	['vaisseaux sanguins', 'capillaires', 'vénules', 'système vasculaire', 'conduits']	['filons', 'couches', 'gisements', 'strates', 'corps minéralisés']	['mourir']	['mineurs']
en_100	If you think that mutt made strange sounds as a pup, you should hear him grown.	grown	homophonic	['matured', 'adult', 'full-grown', 'developed']	['groan', 'moan', 'cry', 'sound', 'lament']	['mutt', 'pup']	['sounds', 'hear']	grown	homophonic	groan	grandi	['mûri', 'adulte', 'de taille adulte', 'développé']	['gémissement', 'plainte', 'cri', 'son', 'lamentation']	['corniaud', 'chiot']	['sons', 'entendre']
