id_en	text_clean	manual_location	manual_type	manual_alternative	pun_word	pun_type	first_meaning	second_meaning	pun_word_fr	first_meaning_fr	second_meaning_fr	pun_word_bt	first_meaning_bt	second_meaning_bt	retrieval_affordances_json	retrieval_affordance_count
1401	"""I have to fix the car,"" he said mechanically."				mechanically	homographic	['repair', 'engine', 'automotive', 'wrench', 'technician']	['monotonous', 'reflex', 'automatic', 'unthinking', 'routine', 'emotionless']	mecaniquement	['reparation', 'moteur', 'automobile', 'cle', 'technicien']	['monotone', 'reflexe', 'automatique', 'inconscient', 'routine', 'impassible']				"[{""left"":""moteur"",""right"":""monteur"",""relation"":""similar_sound"",""retrieval_bucket"":""A1_B1"",""retrieval_bucket_rank"":3,""scores"":{""phonetic_match"":0.85,""french_naturalness"":0.54,""semantic_surprise"":0.6475,""semantic_domain_similarity"":1.0,""pun_pivot_usability"":0.57,""overall_score"":0.7},""export_lane"":""close_A_to_other""},{""left"":""moteur"",""right"":""metteur"",""relation"":""similar_sound"",""retrieval_bucket"":""A1_B1"",""retrieval_bucket_rank"":4,""scores"":{""phonetic_match"":0.8398,""french_naturalness"":0.54,""semantic_surprise"":0.6419,""semantic_domain_similarity"":1.0,""pun_pivot_usability"":0.57,""overall_score"":0.6961},""export_lane"":""close_A_to_other""}]"	2
1402	"""I have to fix the car,"" he said mechanically."				mechanically	homographic	['repairman', 'engine', 'tools', 'wrench', 'garage', 'automotive']	['automatic', 'unthinking', 'habitual', 'robotic', 'monotonous', 'routine']	mécaniquement	['réparateur', 'moteur', 'outils', 'clé', 'garage', 'automobile']	['automatique', 'machinal', 'habituel', 'robotique', 'monotone', 'routine']				"[{""left"":""moteur"",""right"":""monteur"",""relation"":""similar_sound"",""retrieval_bucket"":""A1_B1"",""retrieval_bucket_rank"":3,""scores"":{""phonetic_match"":0.85,""french_naturalness"":0.54,""semantic_surprise"":0.6475,""semantic_domain_similarity"":1.0,""pun_pivot_usability"":0.57,""overall_score"":0.7},""export_lane"":""close_A_to_other""},{""left"":""moteur"",""right"":""metteur"",""relation"":""similar_sound"",""retrieval_bucket"":""A1_B1"",""retrieval_bucket_rank"":4,""scores"":{""phonetic_match"":0.8398,""french_naturalness"":0.54,""semantic_surprise"":0.6419,""semantic_domain_similarity"":1.0,""pun_pivot_usability"":0.57,""overall_score"":0.6961},""export_lane"":""close_A_to_other""},{""left"":""garage"",""right"":""gavage"",""relation"":""similar_sound"",""retrieval_bucket"":""A1_B1"",""retrieval_bucket_rank"":5,""scores"":{""phonetic_match"":0.834,""french_naturalness"":0.54,""semantic_surprise"":0.6387,""semantic_domain_similarity"":1.0,""pun_pivot_usability"":0.57,""overall_score"":0.6939},""export_lane"":""close_A_to_other""}]"	3
1403	"""I have to keep this fire alight,"" he bellowed."				bellowed	homographic	['shouted', 'yelled', 'roared', 'vocalized', 'loud', 'exclaimed']	['fireplace', 'air', 'inflate', 'puff', 'stoker', 'oxygen']	beuglé	['crié', 'hurlé', 'rugi', 'vocalisé', 'bruyant', 'exclamé']	['soufflerie', 'air', 'gonfler', 'bouffée', 'tisonnier', 'oxygène']				[]	0
1404	I have written several papers regarding weather effects. I saved them all in the cloud.				cloud	homographic	['server', 'network', 'storage', 'digital', 'database', 'internet']	['atmosphere', 'vapor', 'rain', 'sky', 'cumulus', 'meteorology']	nuage	['serveur', 'réseau', 'stockage', 'numérique', 'données', 'internet']	['atmosphère', 'vapeur', 'pluie', 'ciel', 'cumulus', 'météorologie']				"[{""left"":""vapeur"",""right"":""paveur"",""relation"":""similar_sound"",""retrieval_bucket"":""A1_B1"",""retrieval_bucket_rank"":1,""scores"":{""phonetic_match"":0.8119,""french_naturalness"":0.54,""semantic_surprise"":0.6265,""semantic_domain_similarity"":1.0,""pun_pivot_usability"":0.54,""overall_score"":0.6777},""export_lane"":""close_B_to_other""}]"	1
1405	I haven't developed my photographs yet, he said negatively.				negatively	homographic	['pessimism', 'unfavorable', 'cynical', 'adverse', 'critical']	['film', 'exposure', 'darkroom', 'inverted', 'photography', 'chemical']	négativement	['pessimisme', 'défavorable', 'cynique', 'adverse', 'critique']	['pellicule', 'exposition', 'chambre noire', 'inversé', 'photographie', 'chimique']				[]	0
1406	"""I haven't had my photographs developed yet,"" he said negatively."				negatively	homographic	['pessimistic', 'unfavorable', 'denial', 'cynical', 'adverse', 'gloomy']	['film', 'darkroom', 'exposure', 'image', 'acetate', 'inverted']	négativement	['pessimiste', 'défavorable', 'déni', 'cynique', 'adverse', 'sombre']	['pellicule', 'chambre noire', 'exposition', 'image', 'acétate', 'inversé']				[]	0
1407	"""I haven't had my photographs developed yet,"" he said negatively."				negatively	homographic	['pessimistic', 'unfavorable', 'denial', 'refusal', 'cynical', 'oppositional']	['film', 'darkroom', 'exposure', 'chemical', 'image', 'inverted']	négativement	['pessimiste', 'défavorable', 'déni', 'refus', 'cynique', 'oppositionnel']	['pellicule', 'chambre noire', 'exposition', 'chimique', 'image', 'inversé']				"[{""left"":""repût"",""right"":""refus"",""relation"":""similar_sound"",""retrieval_bucket"":""B2_A01_DETACHED"",""retrieval_bucket_rank"":1,""scores"":{""phonetic_match"":0.8165,""french_naturalness"":0.42,""semantic_surprise"":0.6691,""semantic_domain_similarity"":1.0,""pun_pivot_usability"":0.42,""overall_score"":0.6338},""export_lane"":""detached_B2_A01_DETACHED""}]"	1
1408	I hear the Sylvester Stallone Film Festival got off to a rocky start.				rocky	homographic	['precarious', 'unstable', 'shaky', 'difficult', 'rough']	['boxer', 'stadium', 'gloves', 'balboa', 'underdog', 'ring']	rocky	['précaire', 'instable', 'chancelant', 'difficile', 'rude']	['boxeur', 'stade', 'gants', 'balboa', 'outsider', 'ring']				"[{""left"":""boxeur"",""right"":""bosseur"",""relation"":""similar_sound"",""retrieval_bucket"":""A1_B1"",""retrieval_bucket_rank"":3,""scores"":{""phonetic_match"":0.8485,""french_naturalness"":0.54,""semantic_surprise"":0.6467,""semantic_domain_similarity"":1.0,""pun_pivot_usability"":0.57,""overall_score"":0.6994},""export_lane"":""close_B_to_other""}]"	1
1409	I heard Einstein got along well with his parents... relatively speaking.				relatively	homographic	['kinship', 'family', 'parents', 'bloodline', 'ancestry']	['comparison', 'proportional', 'physics', 'Einstein', 'subjective']	relativement	['parenté', 'famille', 'parents', 'lignée', 'ascendance']	['comparaison', 'proportionnel', 'physique', 'Einstein', 'subjectif']				"[{""left"":""épiant"",""right"":""escient"",""relation"":""similar_sound"",""retrieval_bucket"":""A2_B01_DETACHED"",""retrieval_bucket_rank"":1,""scores"":{""phonetic_match"":0.8082,""french_naturalness"":0.42,""semantic_surprise"":0.7201,""semantic_domain_similarity"":0.5653,""pun_pivot_usability"":0.42,""overall_score"":0.5972},""export_lane"":""detached_A2_B01_DETACHED""}]"	1
1410	I heard about this new governing document that says people can only go to the bathroom one per day. It's called the Constipation.				Constipation	homophonic	['Constitution', 'government', 'document', 'law', 'parliament', 'legal']	['digestion', 'intestine', 'blockage', 'bathroom', 'medical', 'stomach']	Constipation	['Constitution', 'gouvernement', 'document', 'loi', 'parlement', 'juridique']	['digestion', 'intestin', 'blocage', 'toilettes', 'médical', 'estomac']				"[{""left"":""blocage"",""right"":""bocage"",""relation"":""similar_sound"",""retrieval_bucket"":""A1_B1"",""retrieval_bucket_rank"":4,""scores"":{""phonetic_match"":0.8197,""french_naturalness"":0.54,""semantic_surprise"":0.6308,""semantic_domain_similarity"":1.0,""pun_pivot_usability"":0.54,""overall_score"":0.6807},""export_lane"":""close_B_to_other""}]"	1
1411	I heard that you can now print a gun off a 3D printer, but I am not impressed. I've had a Canon printer for years.				Canon	homophonic	['technology', 'ink', 'scanner', 'document', 'peripheral', 'office']	['weapon', 'artillery', 'ordnance', 'projectile', 'barrel', 'firepower']	Canon	['technologie', 'encre', 'scanner', 'document', 'périphérique', 'bureau']	['arme', 'artillerie', 'matériel', 'projectile', 'fût', 'puissance']				[]	0
1412	I held the door for a mime the other day, I thought it was a nice gesture.				gesture	homographic	['politeness', 'kindness', 'courtesy', 'grace', 'action', 'deed']	['pantomime', 'expression', 'motion', 'movement', 'signal', 'sign']	geste	['politesse', 'bonté', 'courtoisie', 'élégance', 'action', 'acte']	['pantomime', 'expression', 'mouvement', 'gesticulation', 'signal', 'signe']				"[{""left"":""action"",""right"":""axons"",""relation"":""similar_sound"",""retrieval_bucket"":""A1_B1"",""retrieval_bucket_rank"":5,""scores"":{""phonetic_match"":0.8303,""french_naturalness"":0.54,""semantic_surprise"":0.6367,""semantic_domain_similarity"":1.0,""pun_pivot_usability"":0.504,""overall_score"":0.6753},""export_lane"":""close_A_to_other""}]"	1
1413	"""I invested in a hi-tech startup,"" he ventured."				ventured	homographic	['stated', 'remarked', 'uttered', 'suggested', 'commented', 'voiced']	['capital', 'investment', 'enterprise', 'speculation', 'startup', 'risk']	aventuré	['énoncé', 'remarqué', 'prononcé', 'suggéré', 'commenté', 'exprimé']	['capital', 'investissement', 'entreprise', 'spéculation', 'startup', 'risque']				[]	0
1414	I just finished reading Newton's Principia Mathematica, and found much of it to be rather derivative.				derivative	homographic	['calculus', 'fluxion', 'differentiation', 'rate', 'slope', 'tangent']	['unoriginal', 'imitative', 'copied', 'secondary', 'trite', 'banal']	dérivé	['calcul', 'fluxion', 'différenciation', 'taux', 'pente', 'tangente']	['inoriginal', 'imitatif', 'copié', 'secondaire', 'trivial', 'banal']				[]	0
1415	I just got back from a statistical probability conference. It was average.				average	homographic	['mean', 'median', 'mode', 'calculation', 'distribution', 'quantity']	['mediocre', 'ordinary', 'unremarkable', 'common', 'standard', 'plain']	moyenne	['moyenne', 'médiane', 'mode', 'calcul', 'distribution', 'quantité']	['médiocre', 'ordinaire', 'banale', 'commun', 'standard', 'quelconque']				[]	0
1416	I just got fired from my job at the keyboard factory. They told me I wasn't putting in enough shifts.				shifts	homographic	['keyboard', 'button', 'typing', 'hardware', 'modifier', 'uppercase']	['employment', 'hours', 'roster', 'labor', 'schedule', 'workplace']	maj	['clavier', 'touche', 'saisie', 'matériel', 'modificateur', 'majuscule']	['emploi', 'horaires', 'roulement', 'travail', 'planning', 'poste']				[]	0
1417	I just got some piercings done at a great price. Only a buccaneer!				buccaneer	homophonic	['pirate', 'corsair', 'mariner', 'swashbuckler', 'shanty', 'scallywag']	['buck', 'ear', 'piercing', 'jewelry', 'lobe', 'currency']	boucanier	['pirate', 'corsaire', 'marin', 'bretteur', 'chant', 'fripouille']	['cerf', 'oreille', 'perçage', 'bijou', 'lobe', 'monnaie']				[]	0
1418	I just had some coffee that was good only for its sedimental value.				sedimental	homophonic	['nostalgia', 'emotion', 'memory', 'cherished', 'feeling', 'attachment']	['grounds', 'residue', 'dregs', 'bottom', 'silt', 'deposit']	sédimental	['nostalgie', 'émotion', 'souvenir', 'chéri', 'sentiment', 'attachement']	['lie', 'résidu', 'fèces', 'fond', 'limon', 'dépôt']				[]	0
1419	"I just looked up the word ""apocalypse"" in the dictionary. It was quite a revelation."				revelation	homographic	['disclosure', 'discovery', 'insight', 'epiphany', 'surprise']	['apocalypse', 'prophecy', 'scripture', 'eschatology', 'judgment', 'tribulation']	révélation	['divulgation', 'découverte', 'intuition', 'épiphanie', 'surprise']	['apocalypse', 'prophétie', 'écriture', 'eschatologie', 'jugement', 'tribulation']				[]	0
1420	I just offered someone a job and they accepted, so I offered him my contractulations.				contractulations	homophonic	['agreement', 'document', 'signature', 'legal', 'binding', 'employment']	['celebration', 'praise', 'success', 'compliment', 'achievement', 'well-wishes']	contractulations	['accord', 'document', 'signature', 'juridique', 'contraignant', 'emploi']	['célébration', 'éloge', 'succès', 'compliment', 'réussite', 'vœux']				[]	0
1421	I just spilled some water on the rug. Let that sink in.				sink in	homographic	['liquid', 'absorb', 'moisture', 'saturation', 'permeate']	['comprehend', 'realize', 'understand', 'contemplate', 'reflect', 'process']	pénétrer	['liquide', 'absorber', 'humidité', 'saturation', 'imprégner']	['comprendre', 'réaliser', 'saisir', 'contempler', 'réfléchir', 'assimiler']				"[{""left"":""livide"",""right"":""liquide"",""relation"":""similar_sound"",""retrieval_bucket"":""B2_A01_DETACHED"",""retrieval_bucket_rank"":1,""scores"":{""phonetic_match"":0.8043,""french_naturalness"":0.42,""semantic_surprise"":0.6624,""semantic_domain_similarity"":1.0,""pun_pivot_usability"":0.42,""overall_score"":0.6292},""export_lane"":""detached_B2_A01_DETACHED""}]"	1
1422	"I keep reading ""The Lord of the Rings"" over and over. I guess it's just force of hobbit."				hobbit	homophonic	['habit', 'routine', 'custom', 'repetition', 'behavior', 'tendency']	['halfling', 'Tolkien', 'Shire', 'fantasy', 'adventure', 'Baggins']	hobbit	['habitude', 'routine', 'coutume', 'répétition', 'comportement', 'tendance']	['semi-homme', 'Tolkien', 'Comté', 'fantaisie', 'aventure', 'Baggins']				"[{""left"":""tendance"",""right"":""tangence"",""relation"":""similar_sound"",""retrieval_bucket"":""A1_B1"",""retrieval_bucket_rank"":5,""scores"":{""phonetic_match"":0.8543,""french_naturalness"":0.54,""semantic_surprise"":0.6499,""semantic_domain_similarity"":1.0,""pun_pivot_usability"":0.57,""overall_score"":0.7016},""export_lane"":""close_A_to_other""},{""left"":""Comté"",""right"":""conté"",""relation"":""same_sound"",""retrieval_bucket"":""A1_B1"",""retrieval_bucket_rank"":1,""scores"":{""phonetic_match"":1.0,""french_naturalness"":0.9,""semantic_surprise"":0.73,""semantic_domain_similarity"":1.0,""pun_pivot_usability"":0.969,""overall_score"":0.9253},""export_lane"":""close_B_to_other""},{""left"":""Comté"",""right"":""compté"",""relation"":""same_sound"",""retrieval_bucket"":""A1_B1"",""retrieval_bucket_rank"":2,""scores"":{""phonetic_match"":1.0,""french_naturalness"":0.88,""semantic_surprise"":0.73,""semantic_domain_similarity"":1.0,""pun_pivot_usability"":0.927,""overall_score"":0.9108},""export_lane"":""close_B_to_other""}]"	3
1423	I keep walking methodically back and forth. I have to learn to pace myself.				pace	homographic	['walk', 'stride', 'step', 'gait', 'footprint', 'tread']	['speed', 'timing', 'rhythm', 'tempo', 'regulation', 'endurance']	cadence	['marche', 'foulée', 'pas', 'allure', 'empreinte', 'piétinement']	['vitesse', 'rythme', 'tempo', 'fréquence', 'régulation', 'endurance']				[]	0
1424	I kept failing to get a job as a butcher because I couldn't just make the cut.				make the cut	homographic	['succeed', 'qualify', 'selected', 'pass', 'admitted', 'chosen']	['knife', 'carve', 'slice', 'meat', 'sever', 'cleaver']	trancher	['réussir', 'qualifier', 'sélectionné', 'passer', 'admis', 'choisi']	['couteau', 'sculpter', 'tranche', 'viande', 'couper', 'couperet']				[]	0
1425	I knew I had to pay the mobster the money I owed him. It was a matter of life or debt.				debt	homophonic	['mortality', 'existence', 'biological', 'survival', 'expiration', 'vitality']	['loan', 'money', 'arrears', 'interest', 'liability', 'credit']	dette	['mortalité', 'existence', 'biologique', 'survie', 'expiration', 'vitalité']	['emprunt', 'argent', 'arriérés', 'intérêt', 'passif', 'crédit']				[]	0
1426	I knew a guy who collected candy canes, they were all in mint condition.				mint	homographic	['peppermint', 'flavor', 'menthol', 'herb', 'candy', 'fresh']	['perfect', 'flawless', 'pristine', 'original', 'quality', 'unused']	menthe	['poivrée', 'saveur', 'menthol', 'herbe', 'bonbon', 'frais']	['parfait', 'impeccable', 'neuf', 'original', 'qualité', 'inutilisé']				"[{""left"":""saveur"",""right"":""paveur"",""relation"":""similar_sound"",""retrieval_bucket"":""A1_B1"",""retrieval_bucket_rank"":3,""scores"":{""phonetic_match"":0.8186,""french_naturalness"":0.54,""semantic_surprise"":0.6302,""semantic_domain_similarity"":1.0,""pun_pivot_usability"":0.54,""overall_score"":0.6802},""export_lane"":""close_A_to_other""},{""left"":""sabreur"",""right"":""saboteur"",""relation"":""similar_sound"",""retrieval_bucket"":""A1_B1"",""retrieval_bucket_rank"":2,""scores"":{""phonetic_match"":0.8322,""french_naturalness"":0.54,""semantic_surprise"":0.7074,""semantic_domain_similarity"":0.6829,""pun_pivot_usability"":0.57,""overall_score"":0.674},""export_lane"":""close_A_to_other""},{""left"":""sabreur"",""right"":""sableur"",""relation"":""similar_sound"",""retrieval_bucket"":""A1_B1"",""retrieval_bucket_rank"":4,""scores"":{""phonetic_match"":0.8292,""french_naturalness"":0.54,""semantic_surprise"":0.7058,""semantic_domain_similarity"":0.6829,""pun_pivot_usability"":0.57,""overall_score"":0.6729},""export_lane"":""close_A_to_other""},{""left"":""ergs"",""right"":""herbe"",""relation"":""similar_sound"",""retrieval_bucket"":""B2_A01_DETACHED"",""retrieval_bucket_rank"":1,""scores"":{""phonetic_match"":0.8063,""french_naturalness"":0.42,""semantic_surprise"":0.6635,""semantic_domain_similarity"":1.0,""pun_pivot_usability"":0.42,""overall_score"":0.63},""export_lane"":""detached_B2_A01_DETACHED""}]"	4
1427	I knew a woman who owned a taser, man was she stunning!				stunning	homographic	['electricity', 'shock', 'paralyze', 'incapacitate', 'voltage', 'immobilize']	['beautiful', 'gorgeous', 'attractive', 'radiant', 'spectacular', 'lovely']	foudroyant	['électricité', 'choc', 'paralyser', 'neutraliser', 'tension', 'immobiliser']	['magnifique', 'superbe', 'attrayant', 'rayonnant', 'spectaculaire', 'ravissant']				[]	0
1428	I knew a woman who owned a taser, man was she stunning!				stunning	homographic	['electricity', 'shock', 'paralyze', 'voltage', 'incapacitate', 'weapon']	['beautiful', 'gorgeous', 'attractive', 'radiant', 'lovely', 'striking']	renversant	['électricité', 'choc', 'paralyser', 'tension', 'incapaciter', 'arme']	['beau', 'magnifique', 'attrayant', 'radiant', 'ravissant', 'frappant']				[]	0
1429	I knew that the spirit couldn't float around very long. What ghost up must come down.				ghost	homophonic	['spirit', 'specter', 'phantom', 'wraith', 'undead', 'apparition']	['goes', 'ascends', 'rises', 'elevates', 'moves', 'approaches']	fantôme	['esprit', 'spectre', '幻影', 'revenant', 'mort-vivant', 'apparition']	"['va', 'monte', ""s'élève"", 'haute', 'bouge', 'approche']"				[]	0
1430	I know road rage is an awful thing but when someone bumped my car I just couldn't help it. I got out my camera and snapped at the offender.				snapped	homographic	['photograph', 'camera', 'lens', 'shutter', 'picture', 'capture']	['anger', 'temper', 'shout', 'outburst', 'confrontation', 'hostility']	craqué	['photographie', 'appareil', 'objectif', 'obturateur', 'image', 'capture']	['colère', 'humeur', 'cri', 'explosion', 'confrontation', 'hostilité']				[]	0
1431	"""I know which boyd gets the woym,"" he said in an oily voice."				boyd	homophonic	['avian', 'beak', 'feather', 'nest', 'wing', 'flight']	['boy', 'male', 'youth', 'child', 'person', 'human']	oiseau	['aviaire', 'bec', 'plume', 'nid', 'aile', 'vol']	['garçon', 'mâle', 'jeunesse', 'enfant', 'personne', 'humain']				[]	0
1432	I learned that the antelopes were coming when I heard the gnus.				gnus	homophonic	['wildebeest', 'hoof', 'savanna', 'mammal', 'herd', 'antelope']	['information', 'report', 'broadcast', 'media', 'update', 'bulletin']	gnous	['gnou', 'sabot', 'savane', 'mammifère', 'troupeau', 'antilope']	['informations', 'rapport', 'diffusion', 'médias', 'actualité', 'bulletin']				[]	0
1433	I like Chinese detective movies, he chanted.				chanted	homophonic	['intoned', 'sang', 'recited', 'vocalized', 'chanted', 'mantra']	['detective', 'investigator', 'chan', 'detective', 'policeman', 'inspector']	chanté	['entonné', 'chanté', 'récité', 'vocalisé', 'incanté', 'mantra']	['détective', 'enquêteur', 'chan', 'inspecteur', 'policier', 'commissaire']				[]	0
1434	I like a man with a big... vocabulary.				big	homographic	['size', 'anatomy', 'physical', 'dimension', 'mass', 'length']	['intellect', 'lexicon', 'education', 'dictionary', 'adjectives', 'language']	grand	['taille', 'anatomie', 'physique', 'dimension', 'masse', 'longueur']	['intellect', 'lexique', 'éducation', 'dictionnaire', 'adjectifs', 'langage']				"[{""left"":""langage"",""right"":""rengage"",""relation"":""similar_sound"",""retrieval_bucket"":""A1_B1"",""retrieval_bucket_rank"":2,""scores"":{""phonetic_match"":0.8403,""french_naturalness"":0.54,""semantic_surprise"":0.6421,""semantic_domain_similarity"":1.0,""pun_pivot_usability"":0.57,""overall_score"":0.6963},""export_lane"":""close_B_to_other""}]"	1
1435	I like elevators they let me say jokes on every level.				level	homographic	['floor', 'story', 'elevator', 'building', 'architecture']	['degree', 'stage', 'standard', 'intensity', 'extent']	niveau	['étage', 'palier', 'ascenseur', 'bâtiment', 'architecture']	['degré', 'stade', 'norme', 'intensité', 'étendue']				[]	0
1436	I like hot fudge sauce, but never on sundays.				sundays	homophonic	['sabbath', 'weekend', 'church', 'calendar', 'weekly', 'holiday']	['sundaes', 'ice-cream', 'dessert', 'topping', 'syrup', 'bowl']	dimanches	['sabbat', 'weekend', 'église', 'calendrier', 'hebdomadaire', 'férié']	['sundaes', 'glace', 'dessert', 'nappage', 'sirop', 'bol']				[]	0
1437	I like marching songs, in any month.				marching	homographic	['parade', 'military', 'drill', 'cadence', 'uniform', 'stepping']	['month', 'calendar', 'spring', 'equinox', 'schedule', 'season']	mars	['défilé', 'militaire', 'exercice', 'cadence', 'uniforme', 'marche']	['mois', 'calendrier', 'printemps', 'équinoxe', 'emploi du temps', 'saison']				"[{""left"":""cadence"",""right"":""carence"",""relation"":""similar_sound"",""retrieval_bucket"":""A1_B1"",""retrieval_bucket_rank"":2,""scores"":{""phonetic_match"":0.82,""french_naturalness"":0.54,""semantic_surprise"":0.631,""semantic_domain_similarity"":1.0,""pun_pivot_usability"":0.54,""overall_score"":0.6808},""export_lane"":""close_A_to_other""}]"	1
1438	"""I like modern painting,"" he said abstractly."				abstractly	homographic	['conceptual', 'theoretical', 'philosophical', 'metaphysical', 'ideological']	['canvas', 'cubism', 'expressionism', 'nonrepresentational', 'aesthetic', 'composition']	abstraitement	['conceptuel', 'théorique', 'philosophique', 'métaphysique', 'idéologique']	['canevas', 'cubisme', 'expressionnisme', 'non-figuratif', 'esthétique', 'composition']				[]	0
1439	"""I like modern painting,"" he said abstractly."				abstractly	homographic	['artistic', 'nonrepresentational', 'geometric', 'expressionist', 'modernist', 'canvas']	['preoccupied', 'distracted', 'unfocused', 'vague', 'absentminded', 'detached']	abstraitement	['artistique', 'non-figuratif', 'géométrique', 'expressionniste', 'moderniste', 'toile']	['préoccupé', 'distrait', 'déconcentré', 'vague', 'distrait', 'détaché']				"[{""left"":""moelle"",""right"":""toile"",""relation"":""similar_sound"",""retrieval_bucket"":""B2_A01_DETACHED"",""retrieval_bucket_rank"":1,""scores"":{""phonetic_match"":0.8124,""french_naturalness"":0.42,""semantic_surprise"":0.6668,""semantic_domain_similarity"":1.0,""pun_pivot_usability"":0.42,""overall_score"":0.6323},""export_lane"":""detached_B2_A01_DETACHED""}]"	1
1440	I like my ale like I like my men: dark and rich.				dark and rich	homographic	['malt', 'stout', 'roasted', 'opaque', 'brown', 'viscous']	['wealthy', 'affluent', 'complexion', 'money', 'prosperous', 'pigmentation']	sombre et riche	['malt', 'stout', 'torréfié', 'opaque', 'brun', 'visqueux']	['fortuné', 'opulent', 'teint', 'argent', 'prospère', 'pigmentation']				"[{""left"":""sketch"",""right"":""scotch"",""relation"":""similar_sound"",""retrieval_bucket"":""B2_A01_DETACHED"",""retrieval_bucket_rank"":1,""scores"":{""phonetic_match"":0.8101,""french_naturalness"":0.42,""semantic_surprise"":0.7129,""semantic_domain_similarity"":0.6028,""pun_pivot_usability"":0.42,""overall_score"":0.6002},""export_lane"":""detached_B2_A01_DETACHED""}]"	1
1441	I like my beer like I like my women: stout and bitter.				stout	homographic	['porter', 'dark', 'ale', 'roasted', 'malt', 'brewery']	['heavy', 'thick', 'fleshy', 'plump', 'bulky', 'robust']	costaud	['bière', 'brune', 'noire', 'maltée', 'torréfiée', 'brassage']	['fort', 'épais', 'charnu', 'dodu', 'volumineux', 'robuste']				"[{""left"":""brassage"",""right"":""brossage"",""relation"":""similar_sound"",""retrieval_bucket"":""A1_B1"",""retrieval_bucket_rank"":6,""scores"":{""phonetic_match"":0.8555,""french_naturalness"":0.54,""semantic_surprise"":0.6505,""semantic_domain_similarity"":1.0,""pun_pivot_usability"":0.57,""overall_score"":0.702},""export_lane"":""close_A_to_other""},{""left"":""brassage"",""right"":""traçage"",""relation"":""similar_sound"",""retrieval_bucket"":""A1_B1"",""retrieval_bucket_rank"":8,""scores"":{""phonetic_match"":0.8283,""french_naturalness"":0.54,""semantic_surprise"":0.6356,""semantic_domain_similarity"":1.0,""pun_pivot_usability"":0.57,""overall_score"":0.6917},""export_lane"":""close_A_to_other""},{""left"":""point fort"",""right"":""point mort"",""relation"":""similar_sound"",""retrieval_bucket"":""A1_B1"",""retrieval_bucket_rank"":7,""scores"":{""phonetic_match"":0.8231,""french_naturalness"":0.55,""semantic_surprise"":0.6911,""semantic_domain_similarity"":0.7348,""pun_pivot_usability"":0.58,""overall_score"":0.6782},""export_lane"":""close_B_to_other""}]"	3
1442	I like my weapons how I like my music... heavy and metal!				heavy metal	homographic	['steel', 'iron', 'dense', 'armor', 'weaponry', 'shield']	['rock', 'electric', 'distortion', 'guitar', 'loud', 'rhythm']	métal lourd	['acier', 'fer', 'dense', 'armure', 'armement', 'bouclier']	['rock', 'électrique', 'distorsion', 'guitare', 'bruyant', 'rythme']				[]	0
1443	"""I like ragged margins,"" he said without justification."				justification	homographic	['alignment', 'typography', 'margin', 'typesetting', 'format', 'flush']	['reason', 'defense', 'excuse', 'explanation', 'logic', 'warrant']	justification	['alignement', 'typographie', 'marge', 'composition', 'format', 'cadrage']	['raison', 'défense', 'excuse', 'explication', 'logique', 'garantie']				"[{""left"":""défense"",""right"":""défiance"",""relation"":""similar_sound"",""retrieval_bucket"":""A1_B1"",""retrieval_bucket_rank"":1,""scores"":{""phonetic_match"":0.8324,""french_naturalness"":0.54,""semantic_surprise"":0.6378,""semantic_domain_similarity"":1.0,""pun_pivot_usability"":0.504,""overall_score"":0.6761},""export_lane"":""close_B_to_other""},{""left"":""défense"",""right"":""décence"",""relation"":""similar_sound"",""retrieval_bucket"":""A1_B1"",""retrieval_bucket_rank"":2,""scores"":{""phonetic_match"":0.82,""french_naturalness"":0.54,""semantic_surprise"":0.631,""semantic_domain_similarity"":1.0,""pun_pivot_usability"":0.504,""overall_score"":0.6714},""export_lane"":""close_B_to_other""}]"	2
1444	I like the latest horror movie so much that I've arranged a private screaming.				screaming	homophonic	['screening', 'cinema', 'theatre', 'projection', 'premiere', 'film']	['shrieking', 'yelling', 'terror', 'vocal', 'frightened', 'loud']	criant	['projection', 'Cinéma', 'théâtre', 'séance', 'première', 'film']	['hurlement', 'cri', 'terreur', 'vocal', 'effrayé', 'fort']				"[{""left"":""séance"",""right"":""cens"",""relation"":""similar_sound"",""retrieval_bucket"":""A1_B1"",""retrieval_bucket_rank"":14,""scores"":{""phonetic_match"":0.8581,""french_naturalness"":0.54,""semantic_surprise"":0.652,""semantic_domain_similarity"":1.0,""pun_pivot_usability"":0.504,""overall_score"":0.6859},""export_lane"":""close_A_to_other""},{""left"":""point fort"",""right"":""point mort"",""relation"":""similar_sound"",""retrieval_bucket"":""A1_B1"",""retrieval_bucket_rank"":12,""scores"":{""phonetic_match"":0.8231,""french_naturalness"":0.55,""semantic_surprise"":0.6911,""semantic_domain_similarity"":0.7348,""pun_pivot_usability"":0.58,""overall_score"":0.6782},""export_lane"":""close_B_to_other""}]"	2
1445	I listen to the radio with such frequency that my ear Hertz.				Hertz	homophonic	['frequency', 'unit', 'measurement', 'cycle', 'wavelength', 'physics']	['pain', 'ache', 'sore', 'throb', 'injury', 'discomfort']	Hertz	"['fréquence', 'unité', 'mesure', 'cycle', ""longueur d'onde"", 'physique']"	['douleur', 'mal', 'souffrance', 'élancement', 'blessure', 'inconfort']				"[{""left"":""douleur"",""right"":""douteur"",""relation"":""similar_sound"",""retrieval_bucket"":""A1_B1"",""retrieval_bucket_rank"":1,""scores"":{""phonetic_match"":0.8421,""french_naturalness"":0.54,""semantic_surprise"":0.6432,""semantic_domain_similarity"":1.0,""pun_pivot_usability"":0.57,""overall_score"":0.697},""export_lane"":""close_B_to_other""},{""left"":""douleur"",""right"":""douceur"",""relation"":""similar_sound"",""retrieval_bucket"":""A1_B1"",""retrieval_bucket_rank"":2,""scores"":{""phonetic_match"":0.8165,""french_naturalness"":0.54,""semantic_surprise"":0.6291,""semantic_domain_similarity"":1.0,""pun_pivot_usability"":0.54,""overall_score"":0.6794},""export_lane"":""close_B_to_other""}]"	2
1446	I lost my mood ring, and I don't know how to feel about it!				feel	homographic	['emotion', 'sentiment', 'mood', 'reaction', 'attitude', 'opinion']	['tactile', 'touch', 'sensation', 'texture', 'physical', 'sensory']	sentir	['émotion', 'sentiment', 'humeur', 'réaction', 'attitude', 'opinion']	['tactile', 'toucher', 'sensation', 'texture', 'physique', 'sensoriel']				"[{""left"":""seoir"",""right"":""square"",""relation"":""similar_sound"",""retrieval_bucket"":""A2_B01_DETACHED"",""retrieval_bucket_rank"":1,""scores"":{""phonetic_match"":0.8282,""french_naturalness"":0.4,""semantic_surprise"":0.7274,""semantic_domain_similarity"":0.5822,""pun_pivot_usability"":0.364,""overall_score"":0.5877},""export_lane"":""detached_A2_B01_DETACHED""},{""left"":""couard"",""right"":""square"",""relation"":""similar_sound"",""retrieval_bucket"":""A2_B01_DETACHED"",""retrieval_bucket_rank"":2,""scores"":{""phonetic_match"":0.8077,""french_naturalness"":0.42,""semantic_surprise"":0.7162,""semantic_domain_similarity"":0.5822,""pun_pivot_usability"":0.343,""overall_score"":0.5781},""export_lane"":""detached_A2_B01_DETACHED""}]"	2
1447	I lost some memory in my computer, but I didn't mind one bit.				bit	homographic	['binary', 'digit', 'data', 'byte', 'storage', 'computation']	['fragment', 'portion', 'snippet', 'amount', 'part', 'piece']	bit	['binaire', 'chiffre', 'donnée', 'octet', 'stockage', 'calcul']	['fragment', 'portion', 'extrait', 'quantité', 'partie', 'morceau']				"[{""left"":""parvis"",""right"":""partie"",""relation"":""similar_sound"",""retrieval_bucket"":""A2_B01_DETACHED"",""retrieval_bucket_rank"":1,""scores"":{""phonetic_match"":0.8071,""french_naturalness"":0.42,""semantic_surprise"":0.6639,""semantic_domain_similarity"":1.0,""pun_pivot_usability"":0.42,""overall_score"":0.6303},""export_lane"":""detached_A2_B01_DETACHED""}]"	1
1448	I love Wi-Fi so much because we just have that connection.				connection	homographic	['signal', 'network', 'router', 'internet', 'bandwidth', 'wireless']	['bond', 'intimacy', 'relationship', 'rapport', 'affection', 'friendship']	connexion	['signal', 'réseau', 'routeur', 'internet', 'débit', 'sans-fil']	['lien', 'intimité', 'relation', 'complicité', 'affection', 'amitié']				"[{""left"":""affection"",""right"":""flexion"",""relation"":""similar_sound"",""retrieval_bucket"":""A1_B1"",""retrieval_bucket_rank"":2,""scores"":{""phonetic_match"":0.8263,""french_naturalness"":0.54,""semantic_surprise"":0.6345,""semantic_domain_similarity"":1.0,""pun_pivot_usability"":0.504,""overall_score"":0.6738},""export_lane"":""close_B_to_other""}]"	1
1449	I love beagles, he dogmatized.				dogmatized	homographic	['asserted', 'dictated', 'proclaimed', 'declared', 'opined', 'pronounced']	['canine', 'hound', 'domesticated', 'animal', 'mammal', 'bark']	dogmatisé	['affirmé', 'dicté', 'proclamé', 'déclaré', 'opiné', 'prononcé']	['canin', 'chien', 'domestiqué', 'animal', 'mammifère', 'aboiement']				"[{""left"":""jogge"",""right"":""dogue"",""relation"":""similar_sound"",""retrieval_bucket"":""A2_B01_DETACHED"",""retrieval_bucket_rank"":1,""scores"":{""phonetic_match"":0.8444,""french_naturalness"":0.42,""semantic_surprise"":0.7348,""semantic_domain_similarity"":0.5889,""pun_pivot_usability"":0.45,""overall_score"":0.6202},""export_lane"":""detached_A2_B01_DETACHED""}]"	1
1450	I love cats, he mused.				mused	homographic	['thought', 'pondered', 'contemplated', 'reflected', 'meditated', 'cogitated']	['meowed', 'purred', 'feline', 'sound', 'vocalized', 'cat']	mousé	['pensé', 'songé', 'contemplé', 'réfléchi', 'médité', 'cogité']	['miaulé', 'ronronné', 'félin', 'son', 'vocalisé', 'chat']				"[{""left"":""pensé"",""right"":""pansé"",""relation"":""same_sound"",""retrieval_bucket"":""A1_B1"",""retrieval_bucket_rank"":1,""scores"":{""phonetic_match"":1.0,""french_naturalness"":0.82,""semantic_surprise"":0.73,""semantic_domain_similarity"":1.0,""pun_pivot_usability"":0.768,""overall_score"":0.8587},""export_lane"":""close_A_to_other""},{""left"":""pensé"",""right"":""pansée"",""relation"":""same_sound"",""retrieval_bucket"":""A1_B1"",""retrieval_bucket_rank"":2,""scores"":{""phonetic_match"":1.0,""french_naturalness"":0.58,""semantic_surprise"":0.73,""semantic_domain_similarity"":1.0,""pun_pivot_usability"":0.638,""overall_score"":0.7817},""export_lane"":""close_A_to_other""}]"	2
1451	I love hockey, he said, puckishly.				puckishly	homographic	['mischievous', 'playful', 'impish', 'naughty', 'waggish']	['hockey', 'sport', 'rubber', 'disk', 'skating', 'goalie']	malicieusement	['espiègle', 'farceur', 'malin', 'coquin', 'badin']	['hockey', 'sport', 'caoutchouc', 'disque', 'patinage', 'gardien']				[]	0
1452	I love to eat eggs at the crack of dawn.				crack	homographic	['dawn', 'sunrise', 'daybreak', 'morning', 'light', 'beginning']	['shell', 'break', 'fracture', 'shatter', 'egg', 'split']	craquer	['aube', 'aurore', 'point du jour', 'matin', 'lumière', 'commencement']	['coquille', 'brisure', 'fracture', 'fracas', 'œuf', 'fente']				[]	0
1453	I love your old worn-out jacket covered with all those slogans, but I can't read the frays at the end of the sleeves.				frays	homophonic	['threads', 'unraveled', 'fabric', 'tattered', 'worn', 'shredded']	['phrases', 'idioms', 'clichés', 'expressions', 'text', 'locutions']	fraies	['fils', 'effiloché', 'tissu', 'en lambeaux', 'usé', 'déchiqueté']	['phrases', 'idiotismes', 'clichés', 'expressions', 'texte', 'locutions']				"[{""left"":""cligné"",""right"":""clichés"",""relation"":""similar_sound"",""retrieval_bucket"":""A2_B01_DETACHED"",""retrieval_bucket_rank"":1,""scores"":{""phonetic_match"":0.8382,""french_naturalness"":0.42,""semantic_surprise"":0.681,""semantic_domain_similarity"":1.0,""pun_pivot_usability"":0.45,""overall_score"":0.6499},""export_lane"":""detached_A2_B01_DETACHED""},{""left"":""clivé"",""right"":""clichés"",""relation"":""similar_sound"",""retrieval_bucket"":""A2_B01_DETACHED"",""retrieval_bucket_rank"":2,""scores"":{""phonetic_match"":0.8065,""french_naturalness"":0.42,""semantic_surprise"":0.6636,""semantic_domain_similarity"":1.0,""pun_pivot_usability"":0.42,""overall_score"":0.63},""export_lane"":""detached_A2_B01_DETACHED""}]"	2
1454	I made a batch of fish eye soup, it should see me through the week.				see	homographic	['vision', 'sight', 'pupil', 'retina', 'view', 'look']	['last', 'endure', 'sustain', 'persist', 'remain', 'suffice']	voir	['vision', 'vue', 'pupille', 'rétine', 'regard', 'regarder']	['durer', 'subir', 'soutenir', 'persister', 'rester', 'suffire']				"[{""left"":""vision"",""right"":""vison"",""relation"":""similar_sound"",""retrieval_bucket"":""A1_B1"",""retrieval_bucket_rank"":2,""scores"":{""phonetic_match"":0.8444,""french_naturalness"":0.54,""semantic_surprise"":0.6444,""semantic_domain_similarity"":1.0,""pun_pivot_usability"":0.504,""overall_score"":0.6807},""export_lane"":""close_A_to_other""}]"	1
1455	I made a clock mad. It was ticked.				ticked	homographic	['angry', 'annoyed', 'irritated', 'frustrated', 'furious']	['rhythmic', 'clicking', 'second-hand', 'pulsing', 'chronometer']	marqué	['fâché', 'agacé', 'irrité', 'frustré', 'furieux']	['rythmique', 'cliquetant', 'trotteuse', 'pulsant', 'chronomètre']				"[{""left"":""berçant"",""right"":""versant"",""relation"":""similar_sound"",""retrieval_bucket"":""A2_B01_DETACHED"",""retrieval_bucket_rank"":1,""scores"":{""phonetic_match"":0.8493,""french_naturalness"":0.42,""semantic_surprise"":0.7332,""semantic_domain_similarity"":0.6089,""pun_pivot_usability"":0.45,""overall_score"":0.6233},""export_lane"":""detached_A2_B01_DETACHED""},{""left"":""verlan"",""right"":""versant"",""relation"":""similar_sound"",""retrieval_bucket"":""A2_B01_DETACHED"",""retrieval_bucket_rank"":2,""scores"":{""phonetic_match"":0.8291,""french_naturalness"":0.42,""semantic_surprise"":0.7221,""semantic_domain_similarity"":0.6089,""pun_pivot_usability"":0.45,""overall_score"":0.6156},""export_lane"":""detached_A2_B01_DETACHED""}]"	2
1456	I made a really cheesy pun about quesadillas the other day.				cheesy	homographic	['dairy', 'cheddar', 'melted', 'queso', 'savory', 'lactose']	['cliché', 'corny', 'tacky', 'humorous', 'trite', 'predictable']	kitsch	['laitier', 'cheddar', 'fondu', 'fromage', 'savoureux', 'lactose']	['cliché', 'mièvre', 'ringard', 'humoristique', 'banal', 'prévisible']				"[{""left"":""sabreur"",""right"":""saboteur"",""relation"":""similar_sound"",""retrieval_bucket"":""A1_B1"",""retrieval_bucket_rank"":1,""scores"":{""phonetic_match"":0.8322,""french_naturalness"":0.54,""semantic_surprise"":0.7248,""semantic_domain_similarity"":0.6041,""pun_pivot_usability"":0.57,""overall_score"":0.6693},""export_lane"":""close_A_to_other""},{""left"":""sabreur"",""right"":""sableur"",""relation"":""similar_sound"",""retrieval_bucket"":""A1_B1"",""retrieval_bucket_rank"":2,""scores"":{""phonetic_match"":0.8292,""french_naturalness"":0.54,""semantic_surprise"":0.7232,""semantic_domain_similarity"":0.6041,""pun_pivot_usability"":0.57,""overall_score"":0.6682},""export_lane"":""close_A_to_other""}]"	2
1457	I may mention that I have always suspected you of being a confirmed and secret Bunburyist; and I am quite sure of it now.				Bunburyist	homographic	['fictitious', 'invalid', 'excuse', 'alibi', 'deception', 'escape']	['secret', 'pleasure', 'double-life', 'hedonism', 'subterfuge', 'mischief']	Bunburyiste	['fictif', 'invalide', 'excuse', 'alibi', 'tromperie', 'évasion']	['secret', 'plaisir', 'double-vie', 'hédonisme', 'subterfuge', 'espièglerie']				[]	0
1458	I met a girl at an internet cafe, but we didn't click.				click	homographic	['mouse', 'button', 'cursor', 'hardware', 'interface', 'input']	['compatibility', 'rapport', 'chemistry', 'connection', 'bond', 'harmony']	clic	['souris', 'bouton', 'curseur', 'matériel', 'interface', 'entrée']	['compatibilité', 'rapport', 'alchimie', 'connexion', 'lien', 'harmonie']				[]	0
1459	I met a man who loves eating couches. I think he has a suite tooth.				suite	homophonic	['furniture', 'sofa', 'couch', 'upholstery', 'living', 'set']	['sugar', 'candy', 'dessert', 'confection', 'cravings', 'glucose']	suite	['meubles', 'canapé', 'divan', 'tapisserie', 'salon', 'ensemble']	['sucre', 'bonbon', 'dessert', 'confiserie', 'envies', 'glucose']				[]	0
1460	I met a math professor who has 12 children-she really knows how to multiply.				multiply	homographic	['arithmetic', 'calculation', 'product', 'factor', 'equation', 'mathematics']	['reproduciton', 'procreation', 'offspring', 'proliferate', 'breeding', 'generation']	multiplier	['arithmétique', 'calcul', 'produit', 'facteur', 'équation', 'mathématiques']	['reproduction', 'procréation', 'progéniture', 'proliférer', 'élevage', 'génération']				[]	0
1461	I met a quantum physicist the other day, he had a few quarks.				quarks	homophonic	['particle', 'physics', 'subatomic', 'hadron', 'proton', 'fermion']	['quirks', 'eccentricity', 'mannerism', 'peculiarity', 'idiosyncrasy', 'trait']	quarks	['particule', 'physique', 'subatomique', 'hadron', 'proton', 'fermion']	['bizarreries', 'excentricité', 'tic', 'singularité', 'idiosyncrasie', 'trait']				[]	0
1462	"I met some cult members who worshiped soup serving utensils. I said, ""Oh ye of ladle faith."""				ladle	homophonic	['spoon', 'scoop', 'soup', 'utensil', 'kitchen', 'broth']	['little', 'small', 'minimal', 'scant', 'minor', 'slight']	louche	['cuillère', 'cuilleron', 'soupe', 'ustensile', 'cuisine', 'bouillon']	['peu', 'petit', 'minimal', 'maigre', 'mineur', 'léger']				"[{""left"":""mers"",""right"":""maigre"",""relation"":""similar_sound"",""retrieval_bucket"":""A2_B01_DETACHED"",""retrieval_bucket_rank"":1,""scores"":{""phonetic_match"":0.805,""french_naturalness"":0.42,""semantic_surprise"":0.6628,""semantic_domain_similarity"":1.0,""pun_pivot_usability"":0.343,""overall_score"":0.6095},""export_lane"":""detached_A2_B01_DETACHED""}]"	1
1463	I met this guy who he said loved children, then I found out he was on parole for it.				loved	homographic	['affection', 'care', 'nurture', 'warmth', 'protection', 'kindness']	['crime', 'pedophilia', 'abuse', 'felony', 'illegal', 'violation']	aimé	['affection', 'soin', 'éducation', 'chaleur', 'protection', 'gentillesse']	['crime', 'pédophilie', 'abus', 'félonie', 'illégal', 'violation']				"[{""left"":""chaleur"",""right"":""râleur"",""relation"":""similar_sound"",""retrieval_bucket"":""A1_B1"",""retrieval_bucket_rank"":3,""scores"":{""phonetic_match"":0.8279,""french_naturalness"":0.54,""semantic_surprise"":0.6353,""semantic_domain_similarity"":1.0,""pun_pivot_usability"":0.57,""overall_score"":0.6916},""export_lane"":""close_A_to_other""},{""left"":""affection"",""right"":""flexion"",""relation"":""similar_sound"",""retrieval_bucket"":""A1_B1"",""retrieval_bucket_rank"":4,""scores"":{""phonetic_match"":0.8263,""french_naturalness"":0.54,""semantic_surprise"":0.6345,""semantic_domain_similarity"":1.0,""pun_pivot_usability"":0.504,""overall_score"":0.6738},""export_lane"":""close_A_to_other""}]"	2
1464	I might study something at a university that someone once told me about-there is a degree of ambiguity there.				degree	homographic	['academic', 'diploma', 'university', 'graduation', 'undergraduate', 'credential']	['extent', 'magnitude', 'level', 'amount', 'portion', 'intensity']	degré	['académique', 'diplôme', 'université', 'remise', 'licence', 'titre']	['étendue', 'ampleur', 'niveau', 'quantité', 'portion', 'intensité']				"[{""left"":""ampleur"",""right"":""empereur"",""relation"":""similar_sound"",""retrieval_bucket"":""A1_B1"",""retrieval_bucket_rank"":6,""scores"":{""phonetic_match"":0.8149,""french_naturalness"":0.54,""semantic_surprise"":0.6282,""semantic_domain_similarity"":1.0,""pun_pivot_usability"":0.54,""overall_score"":0.6788},""export_lane"":""close_B_to_other""}]"	1
1465	I must attend my flock, he said, sheepishly.				sheepishly	homographic	['bashful', 'embarrassed', 'meek', 'shy', 'timid', 'guilty']	['livestock', 'herd', '牧羊', 'pastoral', 'ovine', 'wool']	penaude	['timide', 'embarrassé', 'docile', 'réservé', 'timoré', 'coupable']	['bétail', 'troupeau', 'bergerie', 'pastoral', 'ovin', 'laine']				"[{""left"":""vaine"",""right"":""veine"",""relation"":""same_sound"",""retrieval_bucket"":""A2_B01_DETACHED"",""retrieval_bucket_rank"":1,""scores"":{""phonetic_match"":1.0,""french_naturalness"":0.42,""semantic_surprise"":0.8124,""semantic_domain_similarity"":0.6253,""pun_pivot_usability"":0.5,""overall_score"":0.6944},""export_lane"":""detached_A2_B01_DETACHED""},{""left"":""jogge"",""right"":""dogue"",""relation"":""similar_sound"",""retrieval_bucket"":""B2_A01_DETACHED"",""retrieval_bucket_rank"":1,""scores"":{""phonetic_match"":0.8444,""french_naturalness"":0.42,""semantic_surprise"":0.7205,""semantic_domain_similarity"":0.6543,""pun_pivot_usability"":0.45,""overall_score"":0.6241},""export_lane"":""detached_B2_A01_DETACHED""}]"	2
1466	I must have had the chalkboard flu because today I feel remarkable.				remarkable	homographic	['healthy', 'recovered', 'extraordinary', 'exceptional', 'improved', 'vital']	['chalkboard', 'erasable', 'writable', 'notated', 'chalk', 'slate']	remarquable	['sain', 'guéri', 'extraordinaire', 'exceptionnel', 'amélioré', 'vital']	['tableau', 'effaçable', 'inscriptible', 'noté', 'craie', 'ardoise']				[]	0
1467	I nailed my wood-shop test.				nailed	homographic	['hammer', 'spike', 'fasten', 'carpentry', 'hardware', 'joinery']	['succeed', 'accomplish', 'ace', 'excel', 'perfect', 'master']	cloué	['marteau', 'pointe', 'fixer', 'charpenterie', 'quincaillerie', 'menuiserie']	['réussir', 'accomplir', 'assurer', 'exceller', 'perfectionner', 'maîtriser']				"[{""left"":""au point"",""right"":""au loin"",""relation"":""similar_sound"",""retrieval_bucket"":""A1_B1"",""retrieval_bucket_rank"":1,""scores"":{""phonetic_match"":0.8366,""french_naturalness"":0.55,""semantic_surprise"":0.6974,""semantic_domain_similarity"":0.7395,""pun_pivot_usability"":0.58,""overall_score"":0.6835},""export_lane"":""close_A_to_other""}]"	1
1468	I need to clear my throat, he said phlegmatically.				phlegmatically	homographic	['mucus', 'throat', 'congestion', 'cough', 'respiratory', 'sputum']	['stoic', 'unemotional', 'calm', 'composed', 'stolid', 'serene']	flegmatiquement	['mucus', 'gorge', 'congestion', 'toux', 'respiratoire', 'crachat']	['stoïque', 'impassible', 'calme', 'posé', 'froid', 'serein']				[]	0
1469	I need to go on a diet, he said wastefully.				wastefully	homophonic	['excessive', 'squander', 'extravagant', 'spending', 'lavish', 'trash']	['waistline', 'abdomen', 'torso', 'measurement', 'belt', 'girth']	gaspillage	['excessif', 'dissiper', 'extravagant', 'dépense', 'prodigue', 'ordures']	['taille', 'abdomen', 'torse', 'mesure', 'ceinture', 'circonférence']				[]	0
1470	I never found sending signals from ships challenging. I always had a flare for it.				flare	homophonic	['pyrotechnic', 'signal', 'distress', 'light', 'phosphorus', 'beacon']	['talent', 'aptitude', 'skill', 'knack', 'style', 'gift']	flair	['fusée', 'signal', 'détresse', 'lumière', 'phosphore', 'balise']	['talent', 'aptitude', 'compétence', 'astuce', 'style', 'don']				"[{""left"":""don juan"",""right"":""dom juan"",""relation"":""same_sound"",""retrieval_bucket"":""A1_B1"",""retrieval_bucket_rank"":1,""scores"":{""phonetic_match"":1.0,""french_naturalness"":0.55,""semantic_surprise"":0.7861,""semantic_domain_similarity"":0.7451,""pun_pivot_usability"":0.63,""overall_score"":0.7588},""export_lane"":""close_B_to_other""}]"	1
1471	I never have understood how you're supposed to hit anything with a bat... it keeps flying away.				bat	homographic	['baseball', 'slugger', 'equipment', 'swinging', 'wooden', 'sport']	['mammal', 'nocturnal', 'wings', 'flying', 'cave', 'animal']	chauve-souris	['batte', 'frappeur', 'équipement', 'balancement', 'bois', 'sport']	['mammifère', 'nocturne', 'ailes', 'volant', 'grotte', 'animal']				[]	0
1472	I never understood why people liked to play soft ball. It's a very underhanded thing to do.				underhanded	homographic	['pitching', 'throw', 'palm', 'technique', 'softball', 'motion']	['deceitful', 'sneaky', 'dishonest', 'unfair', 'sly', 'clandestine']	sournois	['lancer', 'jet', 'paume', 'technique', 'softball', 'mouvement']	['trompeur', 'furtif', 'malhonnête', 'injuste', 'rusé', 'clandestin']				"[{""left"":""trompeur"",""right"":""trappeur"",""relation"":""similar_sound"",""retrieval_bucket"":""A1_B1"",""retrieval_bucket_rank"":1,""scores"":{""phonetic_match"":0.8208,""french_naturalness"":0.54,""semantic_surprise"":0.6314,""semantic_domain_similarity"":1.0,""pun_pivot_usability"":0.57,""overall_score"":0.6889},""export_lane"":""close_B_to_other""}]"	1
1473	I noticed that the sun was out, and nobody had bothered to relight it.				out	homographic	['shining', 'visible', 'bright', 'daytime', 'clear', 'exposed']	['extinguished', 'dark', 'finished', 'quenched', 'spent', 'inactive']	éteint	['brillant', 'visible', 'lumineux', 'diurne', 'clair', 'exposé']	['éteint', 'sombre', 'fini', 'étouffé', 'épuisé', 'inactif']				"[{""left"":""épuise"",""right"":""puise"",""relation"":""similar_sound"",""retrieval_bucket"":""A1_B1"",""retrieval_bucket_rank"":3,""scores"":{""phonetic_match"":0.8381,""french_naturalness"":0.54,""semantic_surprise"":0.6876,""semantic_domain_similarity"":0.7878,""pun_pivot_usability"":0.57,""overall_score"":0.6826},""export_lane"":""close_B_to_other""},{""left"":""épuise"",""right"":""éprise"",""relation"":""similar_sound"",""retrieval_bucket"":""A1_B1"",""retrieval_bucket_rank"":4,""scores"":{""phonetic_match"":0.812,""french_naturalness"":0.54,""semantic_surprise"":0.6733,""semantic_domain_similarity"":0.7878,""pun_pivot_usability"":0.54,""overall_score"":0.6649},""export_lane"":""close_B_to_other""},{""left"":""friand"",""right"":""brillant"",""relation"":""similar_sound"",""retrieval_bucket"":""B2_A01_DETACHED"",""retrieval_bucket_rank"":1,""scores"":{""phonetic_match"":0.8049,""french_naturalness"":0.42,""semantic_surprise"":0.6627,""semantic_domain_similarity"":1.0,""pun_pivot_usability"":0.42,""overall_score"":0.6295},""export_lane"":""detached_B2_A01_DETACHED""}]"	3
1474	I often get asked if I'm from Drustvar. Must be my resting witch face!				witch	homophonic	['bitch', 'hostile', 'unfriendly', 'malicious', 'scowling', 'angry']	['sorceress', 'magic', 'drustvar', 'cauldron', 'coven', 'spellcaster']	sorcière	['garce', 'hostile', 'inamicale', 'malveillante', 'renfrognée', 'colérique']	['sorcellerie', 'magie', 'drustvar', 'chaudron', 'coven', 'jeteuse de sorts']				"[{""left"":""garce"",""right"":""garance"",""relation"":""similar_sound"",""retrieval_bucket"":""A1_B1"",""retrieval_bucket_rank"":3,""scores"":{""phonetic_match"":0.8216,""french_naturalness"":0.54,""semantic_surprise"":0.6319,""semantic_domain_similarity"":1.0,""pun_pivot_usability"":0.504,""overall_score"":0.672},""export_lane"":""close_A_to_other""}]"	1
1475	I once got into so much debt that I couldn't even afford my electricity bills, they were the darkest times of my life.				darkest	homographic	['unlit', 'shadowy', 'dim', 'opaque', 'gloomy', 'blackout']	['miserable', 'hopeless', 'bleak', 'depressing', 'somber', 'tragic']	sombre	['obscur', 'ombragé', 'faible', 'opaque', 'ténébreux', 'noir', 'occulté']	['misérable', 'désespéré', 'morne', 'déprimant', 'lugubre', 'tragique']				"[{""left"":""couard"",""right"":""noir"",""relation"":""similar_sound"",""retrieval_bucket"":""B2_A01_DETACHED"",""retrieval_bucket_rank"":1,""scores"":{""phonetic_match"":0.8272,""french_naturalness"":0.42,""semantic_surprise"":0.675,""semantic_domain_similarity"":1.0,""pun_pivot_usability"":0.439,""overall_score"":0.6429},""export_lane"":""detached_B2_A01_DETACHED""}]"	1
1476	I once heard a joke about amnesia, but I forget how it goes.				forget	homographic	['memory', 'loss', 'blank', 'erase', 'brain', 'recall']	['joke', 'punchline', 'omission', 'delivery', 'climax', 'story']	oublier	['mémoire', 'perte', 'vide', 'effacer', 'cerveau', 'rappel']	['blague', 'chute', 'omission', 'débit', 'point-culminant', 'histoire']				[]	0
1477	I once knew a guy who had fish and chips every day for a year. His stomach took a battering.				battering	homographic	['pounded', 'beaten', 'bruised', 'damaged', 'assaulted', 'exhausted']	['dough', 'fried', 'crispy', 'coating', 'oil', 'crust']	pattage	['pilonné', 'battu', 'meurtri', 'endommagé', 'agressé', 'épuisé']	['pâte', 'frit', 'croustillant', 'enrobage', 'huile', 'croûte']				"[{""left"":""épuise"",""right"":""puise"",""relation"":""similar_sound"",""retrieval_bucket"":""A1_B1"",""retrieval_bucket_rank"":8,""scores"":{""phonetic_match"":0.8381,""french_naturalness"":0.54,""semantic_surprise"":0.6876,""semantic_domain_similarity"":0.7878,""pun_pivot_usability"":0.57,""overall_score"":0.6826},""export_lane"":""close_A_to_other""},{""left"":""épuise"",""right"":""éprise"",""relation"":""similar_sound"",""retrieval_bucket"":""A1_B1"",""retrieval_bucket_rank"":10,""scores"":{""phonetic_match"":0.812,""french_naturalness"":0.54,""semantic_surprise"":0.6733,""semantic_domain_similarity"":0.7878,""pun_pivot_usability"":0.54,""overall_score"":0.6649},""export_lane"":""close_A_to_other""}]"	2
1478	I once knew a woman who turned into a deer when the moon was full. She was a real weredoe.				weredoe	homophonic	['werewolf', 'lycanthrope', 'shapeshifter', 'transformation', 'monster', 'full-moon']	['deer', 'female', 'doe', 'hoof', 'forest', 'herbivore']	biche-garou	['loup-garou', 'lycanthrope', 'métamorphe', 'transformation', 'monstre', 'pleine-lune']	['cerf', 'femelle', 'biche', 'sabot', 'forêt', 'herbivore']				"[{""left"":""lynchage"",""right"":""léchage"",""relation"":""similar_sound"",""retrieval_bucket"":""A1_B1"",""retrieval_bucket_rank"":6,""scores"":{""phonetic_match"":0.8447,""french_naturalness"":0.54,""semantic_surprise"":0.7421,""semantic_domain_similarity"":0.5366,""pun_pivot_usability"":0.57,""overall_score"":0.6692},""export_lane"":""close_A_to_other""},{""left"":""lynchage"",""right"":""lâchage"",""relation"":""similar_sound"",""retrieval_bucket"":""A1_B1"",""retrieval_bucket_rank"":9,""scores"":{""phonetic_match"":0.8009,""french_naturalness"":0.54,""semantic_surprise"":0.718,""semantic_domain_similarity"":0.5366,""pun_pivot_usability"":0.54,""overall_score"":0.6448},""export_lane"":""close_A_to_other""},{""left"":""sers"",""right"":""cerf"",""relation"":""same_sound"",""retrieval_bucket"":""A2_B01_DETACHED"",""retrieval_bucket_rank"":1,""scores"":{""phonetic_match"":1.0,""french_naturalness"":0.42,""semantic_surprise"":0.77,""semantic_domain_similarity"":1.0,""pun_pivot_usability"":0.5,""overall_score"":0.7242},""export_lane"":""detached_A2_B01_DETACHED""}]"	3
1479	I once worked at a factory that made boat paddles. The starting pay was ten dollars an oar.				oar	homophonic	['paddle', 'blade', 'rowing', 'wood', 'boat', 'water']	['hour', 'time', 'clock', 'sixty', 'minutes', 'duration']	rame	['pagaie', 'pale', 'aviron', 'bois', 'bateau', 'eau']	['heure', 'temps', 'horloge', 'soixante', 'minutes', 'durée']				[]	0
1480	"""I only have diamonds, clubs and spades,"" he said heartlessly."				heartlessly	homographic	['cruel', 'cold', 'callous', 'unfeeling', 'insensitive']	['suit', 'card', 'deck', 'hearts', 'poker', 'bridge']	sans-coeur	['cruel', 'froid', 'insensible', 'impassible', 'dur']	['enseigne', 'carte', 'jeu', 'coeurs', 'poker', 'bridge']				"[{""left"":""joins"",""right"":""jouer"",""relation"":""similar_sound"",""retrieval_bucket"":""A2_B01_DETACHED"",""retrieval_bucket_rank"":2,""scores"":{""phonetic_match"":0.8018,""french_naturalness"":0.42,""semantic_surprise"":0.6718,""semantic_domain_similarity"":0.7691,""pun_pivot_usability"":0.343,""overall_score"":0.5871},""export_lane"":""detached_A2_B01_DETACHED""},{""left"":""joint"",""right"":""jouer"",""relation"":""similar_sound"",""retrieval_bucket"":""A2_B01_DETACHED"",""retrieval_bucket_rank"":1,""scores"":{""phonetic_match"":0.8018,""french_naturalness"":0.42,""semantic_surprise"":0.6718,""semantic_domain_similarity"":0.7691,""pun_pivot_usability"":0.343,""overall_score"":0.5871},""export_lane"":""detached_A2_B01_DETACHED""}]"	2
1481	"""I only have diamonds, clubs and spades,"" he said heartlessly."				heartlessly	homographic	['playing-cards', 'suit', 'hearts', 'bridge', 'poker', 'hand']	['cruel', 'cold', 'unfeeling', 'emotionless', 'callous', 'stern']	sans-coeur	['cartes', 'couleur', 'coeur', 'bridge', 'poker', 'main']	['cruel', 'froid', 'insensible', 'impassible', 'dur', 'austère']				"[{""left"":""couleur"",""right"":""coureur"",""relation"":""similar_sound"",""retrieval_bucket"":""A1_B1"",""retrieval_bucket_rank"":4,""scores"":{""phonetic_match"":0.8367,""french_naturalness"":0.54,""semantic_surprise"":0.6402,""semantic_domain_similarity"":1.0,""pun_pivot_usability"":0.57,""overall_score"":0.6949},""export_lane"":""close_A_to_other""},{""left"":""couleur"",""right"":""coupeur"",""relation"":""similar_sound"",""retrieval_bucket"":""A1_B1"",""retrieval_bucket_rank"":5,""scores"":{""phonetic_match"":0.8187,""french_naturalness"":0.54,""semantic_surprise"":0.6303,""semantic_domain_similarity"":1.0,""pun_pivot_usability"":0.54,""overall_score"":0.6803},""export_lane"":""close_A_to_other""}]"	2
1482	I phoned the zoo but the lion was busy.				lion	homophonic	['felid', 'predator', 'savanna', 'mane', 'roar', 'carnivore']	['line', 'telephone', 'communication', 'connection', 'signal', 'wired']	lien	['félidé', 'prédateur', 'savane', 'crinière', 'rugissement', 'carnivore']	['ligne', 'téléphone', 'communication', 'connexion', 'signal', 'filaire']				"[{""left"":""christ"",""right"":""crisse"",""relation"":""similar_sound"",""retrieval_bucket"":""B2_A01_DETACHED"",""retrieval_bucket_rank"":1,""scores"":{""phonetic_match"":0.806,""french_naturalness"":0.42,""semantic_surprise"":0.7111,""semantic_domain_similarity"":0.6009,""pun_pivot_usability"":0.42,""overall_score"":0.5986},""export_lane"":""detached_B2_A01_DETACHED""}]"	1
1483	I plug my guitar into all kinds of amplifiers. It's an eclectic guitar.				eclectic	homographic	['diverse', 'varied', 'heterogeneous', 'broad', 'assorted', 'mixed']	['electric', 'voltage', 'current', 'circuit', 'plugin', 'power']	éclectique	['diverse', 'varié', 'hétérogène', 'large', 'assorti', 'mixte']	['électrique', 'voltage', 'courant', 'circuit', 'branchement', 'énergie']				"[{""left"":""voltage"",""right"":""volage"",""relation"":""similar_sound"",""retrieval_bucket"":""A1_B1"",""retrieval_bucket_rank"":1,""scores"":{""phonetic_match"":0.8494,""french_naturalness"":0.54,""semantic_surprise"":0.6472,""semantic_domain_similarity"":1.0,""pun_pivot_usability"":0.57,""overall_score"":0.6997},""export_lane"":""close_B_to_other""}]"	1
1484	I pricked my finger badly while trying to find a needle in my wife's sewing box. It was a crewel turn of events.				crewel	homophonic	['embroidery', 'yarn', 'wool', 'needlework', 'stitch', 'fabric']	['cruel', 'malicious', 'painful', 'wicked', 'harsh', 'unfeeling']	cruel	['broderie', 'fil', 'laine', 'ouvrage', 'point', 'tissu']	['cruel', 'malveillant', 'douloureux', 'méchant', 'dur', 'insensible']				"[{""left"":""ouvrage"",""right"":""outrage"",""relation"":""similar_sound"",""retrieval_bucket"":""A1_B1"",""retrieval_bucket_rank"":5,""scores"":{""phonetic_match"":0.8421,""french_naturalness"":0.54,""semantic_surprise"":0.6431,""semantic_domain_similarity"":1.0,""pun_pivot_usability"":0.57,""overall_score"":0.6969},""export_lane"":""close_A_to_other""},{""left"":""au point"",""right"":""au loin"",""relation"":""similar_sound"",""retrieval_bucket"":""A1_B1"",""retrieval_bucket_rank"":4,""scores"":{""phonetic_match"":0.8366,""french_naturalness"":0.55,""semantic_surprise"":0.6944,""semantic_domain_similarity"":0.7532,""pun_pivot_usability"":0.58,""overall_score"":0.6844},""export_lane"":""close_A_to_other""}]"	2
1485	I put my phone on vibrate. An hour later I finally got a text massage.				massage	homophonic	['communication', 'notification', 'text', 'digital', 'inbox', 'transmission']	['therapy', 'vibration', 'muscles', 'physical', 'relaxation', 'kneading']	massage	['communication', 'notification', 'texte', 'numérique', 'boîte', 'transmission']	['thérapie', 'vibration', 'muscles', 'physique', 'relaxation', 'pétrissage']				[]	0
1486	I raised my intelligence using my cranium.				cranium	homographic	['skull', 'bone', 'head', 'skeletal', 'anatomy', 'brain Case']	['crane', 'lift', 'hoist', 'elevation', 'device', 'physically']	crâne	['squelette', 'os', 'tête', 'squelettique', 'anatomie', 'boîte crânienne']	['grue', 'levage', 'palan', 'élévation', 'dispositif', 'physiquement']				"[{""left"":""levage"",""right"":""lavage"",""relation"":""similar_sound"",""retrieval_bucket"":""A1_B1"",""retrieval_bucket_rank"":4,""scores"":{""phonetic_match"":0.8031,""french_naturalness"":0.54,""semantic_surprise"":0.6217,""semantic_domain_similarity"":1.0,""pun_pivot_usability"":0.54,""overall_score"":0.6744},""export_lane"":""close_B_to_other""}]"	1
1487	I read a poem about wind, it was a blast!				blast	homographic	['gust', 'gale', 'airflow', 'breeze', 'storm']	['fun', 'excitement', 'thrill', 'enjoyment', 'delight', 'success']	souffle	['rafale', 'coup', 'vent', 'brise', 'tempête']	['plaisir', 'excitation', 'frisson', 'joie', 'délice', 'succès']				"[{""left"":""brise"",""right"":""frise"",""relation"":""similar_sound"",""retrieval_bucket"":""A1_B1"",""retrieval_bucket_rank"":2,""scores"":{""phonetic_match"":0.8228,""french_naturalness"":0.82,""semantic_surprise"":0.6326,""semantic_domain_similarity"":1.0,""pun_pivot_usability"":0.696,""overall_score"":0.7728},""export_lane"":""close_A_to_other""},{""left"":""brise"",""right"":""prise"",""relation"":""similar_sound"",""retrieval_bucket"":""A1_B1"",""retrieval_bucket_rank"":3,""scores"":{""phonetic_match"":0.8126,""french_naturalness"":0.82,""semantic_surprise"":0.6269,""semantic_domain_similarity"":1.0,""pun_pivot_usability"":0.666,""overall_score"":0.7611},""export_lane"":""close_A_to_other""}]"	2
1488	I really do have a photographic memory - - I just haven't developed it yet.				developed	homographic	['brain', 'cognition', 'intellect', 'growth', 'improvement', 'skill']	['camera', 'film', 'darkroom', 'exposure', 'negative', 'chemicals']	développé	['cerveau', 'cognition', 'intellect', 'croissance', 'amélioration', 'compétence']	['appareil', 'film', 'chambre noire', 'exposition', 'négatif', 'chimie']				"[{""left"":""croissance"",""right"":""croyance"",""relation"":""similar_sound"",""retrieval_bucket"":""A1_B1"",""retrieval_bucket_rank"":1,""scores"":{""phonetic_match"":0.9288,""french_naturalness"":0.54,""semantic_surprise"":0.6908,""semantic_domain_similarity"":1.0,""pun_pivot_usability"":0.57,""overall_score"":0.7298},""export_lane"":""close_A_to_other""}]"	1
1489	I really do have a photographic memory. I just haven't developed it yet.				developed	homographic	['improvement', 'growth', 'advancement', 'maturity', 'progress']	['darkroom', 'chemicals', 'negative', 'exposure', 'film', 'reagent']	développé	['amélioration', 'croissance', 'avancement', 'maturité', 'progrès']	['chambre noire', 'chimie', 'négatif', 'exposition', 'pellicule', 'réactif']				"[{""left"":""croissance"",""right"":""croyance"",""relation"":""similar_sound"",""retrieval_bucket"":""A1_B1"",""retrieval_bucket_rank"":1,""scores"":{""phonetic_match"":0.9288,""french_naturalness"":0.54,""semantic_surprise"":0.6908,""semantic_domain_similarity"":1.0,""pun_pivot_usability"":0.57,""overall_score"":0.7298},""export_lane"":""close_A_to_other""}]"	1
1490	I really regretted the inconsiderate comment I made. It was rued.				rued	homophonic	['regret', 'remorse', 'repentance', 'sorrow', 'grief', 'penitence']	['impolite', 'offensive', 'discourteous', 'unmannerly', 'insulting', 'crude']	rued	['regret', 'remords', 'repentance', 'chagrin', 'douleur', 'pénitence']	['impoli', 'offensant', 'discourtois', 'grossier', 'insultant', 'cru']				"[{""left"":""douleur"",""right"":""douteur"",""relation"":""similar_sound"",""retrieval_bucket"":""A1_B1"",""retrieval_bucket_rank"":3,""scores"":{""phonetic_match"":0.8421,""french_naturalness"":0.54,""semantic_surprise"":0.6432,""semantic_domain_similarity"":1.0,""pun_pivot_usability"":0.57,""overall_score"":0.697},""export_lane"":""close_A_to_other""},{""left"":""douleur"",""right"":""douceur"",""relation"":""similar_sound"",""retrieval_bucket"":""A1_B1"",""retrieval_bucket_rank"":4,""scores"":{""phonetic_match"":0.8165,""french_naturalness"":0.54,""semantic_surprise"":0.6291,""semantic_domain_similarity"":1.0,""pun_pivot_usability"":0.54,""overall_score"":0.6794},""export_lane"":""close_A_to_other""},{""left"":""dîneur"",""right"":""diseur"",""relation"":""similar_sound"",""retrieval_bucket"":""A2_B01_DETACHED"",""retrieval_bucket_rank"":2,""scores"":{""phonetic_match"":0.8149,""french_naturalness"":0.54,""semantic_surprise"":0.7209,""semantic_domain_similarity"":0.5787,""pun_pivot_usability"":0.54,""overall_score"":0.6534},""export_lane"":""detached_A2_B01_DETACHED""},{""left"":""dealers"",""right"":""diseur"",""relation"":""similar_sound"",""retrieval_bucket"":""A2_B01_DETACHED"",""retrieval_bucket_rank"":1,""scores"":{""phonetic_match"":0.8135,""french_naturalness"":0.54,""semantic_surprise"":0.7201,""semantic_domain_similarity"":0.5787,""pun_pivot_usability"":0.474,""overall_score"":0.6357},""export_lane"":""detached_A2_B01_DETACHED""}]"	4
1491	I saw a beaver movie last night, it was the best dam movie I've ever seen.				dam	homophonic	['barrier', 'reservoir', 'river', 'beaver', 'structure', 'water']	['curse', 'oath', 'vulgar', 'exclamation', 'emphasis', 'profanity']	barrage	['digue', 'réservoir', 'rivière', 'castor', 'structure', 'eau']	['malédiction', 'serment', 'vulgaire', 'exclamation', 'emphase', 'blasphème']				"[{""left"":""fermant"",""right"":""serment"",""relation"":""similar_sound"",""retrieval_bucket"":""A2_B01_DETACHED"",""retrieval_bucket_rank"":1,""scores"":{""phonetic_match"":0.8206,""french_naturalness"":0.42,""semantic_surprise"":0.6713,""semantic_domain_similarity"":1.0,""pun_pivot_usability"":0.45,""overall_score"":0.6432},""export_lane"":""detached_A2_B01_DETACHED""}]"	1
1492	I scream, you scream, we all scream for [IceCream]!				Ice cream	homophonic	['dessert', 'dairy', 'frozen', 'scoop', 'vanilla', 'cone']	['shout', 'yell', 'vocalize', 'bellow', 'noise', 'outcry']	Glace	['dessert', 'laitage', 'gelé', 'boule', 'vanille', 'cornet']	['crier', 'hurler', 'vocaliser', 'beugler', 'bruit', 'clameur']				"[{""left"":""laitage"",""right"":""lainage"",""relation"":""similar_sound"",""retrieval_bucket"":""A1_B1"",""retrieval_bucket_rank"":13,""scores"":{""phonetic_match"":0.811,""french_naturalness"":0.54,""semantic_surprise"":0.626,""semantic_domain_similarity"":1.0,""pun_pivot_usability"":0.54,""overall_score"":0.6774},""export_lane"":""close_A_to_other""}]"	1
1493	I searched for designer compression stockings. My wife says it is because I'm so vein.				vein	homophonic	['vessel', 'blood', 'vascular', 'circulation', 'artery', 'medical']	['conceited', 'narcissistic', 'arrogant', 'egotistical', 'prideful', 'appearance']	veine	['vaisseau', 'sang', 'vasculaire', 'circulation', 'artère', 'médical']	['vaniteux', 'narcissique', 'arrogant', 'égocentrique', 'orgueilleux', 'apparence']				[]	0
1494	I shouldn't have plugged my iPhone into the PC at the kitchen. It's now in the sync.				sync	homophonic	['data', 'backup', 'digital', 'transfer', 'cloud', 'update']	['basin', 'faucet', 'drain', 'plumbing', 'porcelain', 'water']	évier	['synchronisation', 'données', 'numérique', 'sauvegarde', 'transfert', 'nuage', 'mise à jour']	['évier', 'lavabo', 'robinet', 'drain', 'plomberie', 'porcelaine', 'eau']				"[{""left"":""éveillé"",""right"":""évier"",""relation"":""similar_sound"",""retrieval_bucket"":""A2_B01_DETACHED"",""retrieval_bucket_rank"":2,""scores"":{""phonetic_match"":0.8366,""french_naturalness"":0.42,""semantic_surprise"":0.6801,""semantic_domain_similarity"":1.0,""pun_pivot_usability"":0.373,""overall_score"":0.6293},""export_lane"":""detached_A2_B01_DETACHED""},{""left"":""épiée"",""right"":""évier"",""relation"":""similar_sound"",""retrieval_bucket"":""A2_B01_DETACHED"",""retrieval_bucket_rank"":3,""scores"":{""phonetic_match"":0.8325,""french_naturalness"":0.42,""semantic_surprise"":0.6779,""semantic_domain_similarity"":1.0,""pun_pivot_usability"":0.373,""overall_score"":0.6277},""export_lane"":""detached_A2_B01_DETACHED""}]"	2
1495	I shouted from a mountaintop in Italy and a famous author answered. I definitely heard an Eco.				Eco	homophonic	['refection', 'sound', 'acoustics', 'reverb', 'mountain', 'vibration']	['Umberto', 'novelist', 'semiotics', 'philosopher', 'literature', 'academic']	Écho	['réflexion', 'son', 'acoustique', 'réverbération', 'montagne', 'vibration']	['Umberto', 'romancier', 'sémiotique', 'philosophe', 'littérature', 'universitaire']				[]	0
1496	I simply must find a new podiatrist. My podiatrist has developed such a callus attitude.				callus	homophonic	['skin', 'hardened', 'sole', 'thick', 'friction', 'foot']	['indifferent', 'cold', 'harsh', 'insensitive', 'cruel', 'unfeeling']	cal	['peau', 'durcie', 'plante', 'épaisse', 'friction', 'pied']	['indifférent', 'froid', 'dur', 'insensible', 'cruel', 'impassible']				"[{""left"":""épuise"",""right"":""puise"",""relation"":""similar_sound"",""retrieval_bucket"":""A1_B1"",""retrieval_bucket_rank"":2,""scores"":{""phonetic_match"":0.8381,""french_naturalness"":0.54,""semantic_surprise"":0.7107,""semantic_domain_similarity"":0.683,""pun_pivot_usability"":0.57,""overall_score"":0.6763},""export_lane"":""close_A_to_other""},{""left"":""épuise"",""right"":""éprise"",""relation"":""similar_sound"",""retrieval_bucket"":""A1_B1"",""retrieval_bucket_rank"":5,""scores"":{""phonetic_match"":0.812,""french_naturalness"":0.54,""semantic_surprise"":0.6963,""semantic_domain_similarity"":0.683,""pun_pivot_usability"":0.54,""overall_score"":0.6586},""export_lane"":""close_A_to_other""}]"	2
1497	I sold my vacuum cleaner today. All it was doing was collecting dust.				collecting dust	homographic	['vacuum', 'suction', 'cleaning', 'appliance', 'filter', 'dirt']	['unused', 'neglect', 'idle', 'stagnant', 'forgotten', 'stationary']	prendre la poussière	['aspirateur', 'succion', 'nettoyage', 'appareil', 'filtre', 'saleté']	['inutilisé', 'négligence', 'inactif', 'stagnant', 'oublié', 'immobile']				[]	0
1498	I spent $80 on a belt that didn't fit. My wife said it was a huge waist.				waist	homophonic	['torso', 'abdomen', 'belt', 'midsection', 'anatomy', 'girth']	['waste', 'squander', 'loss', 'excess', 'expenditure', 'useless']	taille	['torse', 'abdomen', 'ceinture', 'milieu', 'anatomie', 'circonférence']	['gaspillage', 'perte', 'excès', 'dépense', 'inutile', 'déchets']				"[{""left"":""perde"",""right"":""perte"",""relation"":""similar_sound"",""retrieval_bucket"":""A2_B01_DETACHED"",""retrieval_bucket_rank"":1,""scores"":{""phonetic_match"":0.8139,""french_naturalness"":0.42,""semantic_surprise"":0.6677,""semantic_domain_similarity"":1.0,""pun_pivot_usability"":0.42,""overall_score"":0.6329},""export_lane"":""detached_A2_B01_DETACHED""}]"	1
1499	I started to work at a seafood buffet, but then I pulled a mussel.				mussel	homophonic	['bivalve', 'shellfish', 'mollusk', 'aquatic', 'ocean', 'seafood']	['muscle', 'tissue', 'strain', 'anatomy', 'strength', 'fiber']	moule	['bivalve', 'coquillage', 'mollusque', 'aquatique', 'océan', 'fruits de mer']	['muscle', 'tissu', 'tension', 'anatomie', 'force', 'fibre']				[]	0
1500	I still miss my ex-husband. But my aim is improving.				miss	homographic	['longing', 'sadness', 'absence', 'mourn', 'nostalgia', 'affection']	['target', 'accuracy', 'weapon', 'bullet', 'trajectory', 'fail']	manquer	['ennui', 'tristesse', 'absence', 'deuil', 'nostalgie', 'affection']	['cible', 'précision', 'arme', 'balle', 'trajectoire', 'rater']				"[{""left"":""affection"",""right"":""flexion"",""relation"":""similar_sound"",""retrieval_bucket"":""A1_B1"",""retrieval_bucket_rank"":4,""scores"":{""phonetic_match"":0.8263,""french_naturalness"":0.54,""semantic_surprise"":0.6345,""semantic_domain_similarity"":1.0,""pun_pivot_usability"":0.504,""overall_score"":0.6738},""export_lane"":""close_A_to_other""},{""left"":""enduis"",""right"":""ennui"",""relation"":""similar_sound"",""retrieval_bucket"":""B2_A01_DETACHED"",""retrieval_bucket_rank"":1,""scores"":{""phonetic_match"":0.8031,""french_naturalness"":0.42,""semantic_surprise"":0.6617,""semantic_domain_similarity"":1.0,""pun_pivot_usability"":0.42,""overall_score"":0.6288},""export_lane"":""detached_B2_A01_DETACHED""}]"	2
